active_shared_id,active_ingredient_label_en,country_count,jurisdiction,product_count,registration_use_count,crop_count,target_count,formulation_count,crop_examples,target_examples,formulation_examples
SHARED:AI:b22aaed213e313188e85,ACETAMIPRID,10,TW,69,9758,33,0,2,Allium sativum | Annona squamosa | Apium graveolens | Brassica rapa | Camellia sinensis | Chrysanthemum coronarium | Chrysanthemum morifolium | Ipomoea aquatica | Lycium chinense | Moringa oleifera | Sesamum indicum | bananas | chillies | coriander | cowpeas | eggplants | grapes | groundnuts | guavas | kaki | litchis | mint | okras | pears | peas,,SG 水溶性粒劑 | SP 水溶性粉劑
SHARED:AI:b22aaed213e313188e85,ACETAMIPRID,10,AU,35,35,51,76,6,"ABATTOIR (NON-PRODUCTION AREA) | AGRICULTURAL/FARM BUILDINGS | ANIMAL HOUSING | APPLE | AVOCADO | AZALEA | CITRUS | COMMERCIAL BUILDING/STRUCTURE - EXTERNAL | COMMERCIAL BUILDING/STRUCTURE-INTERNAL | COMMERCIAL/INDUSTRIAL LAND | COMMERCIAL/INDUSTRIAL PREMISES | COTTON | COTTON - REFER TO LABEL | DOMESTIC BUILDING/STRUCTURE - EXTERNAL A | DOMESTIC BUILDING/STRUCTURE-INTERNAL | DOMESTIC PREMISES | DOMESTIC, COMMERCIAL, INDUSTRIAL AND PUBLIC SERVICES BUILDINGS - INSIDE AND OUTSIDE | FOOD PROCESSING AND/OR PRESERVING PLANT | FUCHSIA | GERBERA | GRAPEVINE - TABLE GRAPES | GRAPEVINE - WINEGRAPES | INDOOR PLANT | INDUSTRIAL BUILDING/STRUCTURE-INTERNAL | INDUSTRIAL BUILDINGS/STRUCTURE - EXTERNA",APHID | APHIDS - RHOPALOSIPHUM SPP. | APPLE DIMPLING BUG - C. LIEBKNECHTI | AZALEA LACE BUG | BEAN POD BORER | BITING MIDGE | BLACK PEACH APHID | BLACK SCALE | CITRICOLA SCALE | CITROPHILOUS MEALY BUG | CITRUS LEAFMINER | CITRUS MEALY BUG | CLUSTER CATERPILLAR | COCKROACH | CODLING MOTH | CORN EARWORM | COTTON APHID | COTTON BUDWORM OR BOLLWORM | COTTON LOOPER | COTTONY CUSHION SCALE | FLEA | FLY | FRUIT SPOTTING BUG | FUNGUS GNAT | GRAPEVINE SCALE,BAIT | DISPERSIBLE CONCENTRATE | LIQUID | MICRO EMULSION | SOLUBLE CONCENTRATE | WATER SOLUBLE GRANULES
SHARED:AI:b22aaed213e313188e85,Acetamiprid,10,KR,30,2243,60,6,11,Allium tuberosum | Brassica juncea | Brassica napus | Camellia sinensis | Capsicum annuum | Carthamus tinctorius | Chrysanthemum coronarium | Daucus carota | Diospyros kaki | Fortunella margarita | Helianthus annuus | Helianthus tuberosus | Momordica charantia | Panax | Panicum miliaceum | Perilla frutescens | Pinus densiflora | Pinus koraiensis | Platycodon grandiflorum | Polymnia sonchifolia | Prunus armeniaca | Pteridium aquilinum | Punica granatum | basil | blueberries,Aphis glycines | Eriosoma lanigerum | Hyphantria cunea | Myzus persicae | Nilaparvata lugens | Trialeurodes vaporariorum,과립훈연제 | 미탁제 | 분산성액제 | 수용제 | 수화제 | 액제 | 입상수용제 | 입상수화제 | 입제 | 직접살포액제 | 훈연제
SHARED:AI:b22aaed213e313188e85,Acetamiprid,10,JP,20,1627,40,31,6,Amaranthus | Asparagus officinalis | Brassica oleracea var. gemmifera | Brassica oleracea var. italica | Calendula officinalis | Euphorbia pulcherrima | Eustoma grandiflorum | Malpighia glabra | Melissa officinalis | Platanus | Viola | basil | blueberries | cabbages | carambolas | cauliflowers | celery | chervil | dill | lawn grasses | lettuces | litchis | mangoes | marjoram | muskmelons,Agromyzidae | Agrotis ipsilon | Aleyrodidae | Aphididae | Aphis gossypii | Coccoidea | Dendrolimus spectabilis | Eriosoma lanigerum | Frankliniella occidentalis | Grapholita molesta | Helicoverpa armigera | Hellula undalis | Heteroptera | Hyphantria cunea | Leguminivora glycinivorella | Liriomyza sativae | Monochamus alternatus | Myzus persicae | Phthorimaea operculella | Phyllocnistis citrella | Phyllonorycter ringoniella | Phyllotreta striolata | Plutella xylostella | Pseudaulacaspis pentagona | Scirtothrips dorsalis,くん煙剤 | 水和剤 | 水溶剤 | 液剤 | 粒剤 | 農薬肥料
SHARED:AI:b22aaed213e313188e85,Acetamiprid,10,NL,7,124,0,0,0,,,
SHARED:AI:b22aaed213e313188e85,Acetamiprid,10,US,107,107,1075,489,12,AERIAL APPLICATION | AERIAL APPLICATION (FIXED WING) | AERIAL APPLICATION (ROTARY AIRCRAFT) | AGRICULTURAL BUILDINGS (INDOOR) | AGRICULTURAL BUILDINGS (OUTDOOR) | AIRCRAFT | ALMONDS (DELAYED DORMANT APPLICATION) | ALMONDS (DORMANT APPLICATION) | ALMONDS (FOLIAR TREATMENT) | ALMONDS (SOIL TREATMENT) | AMARANTHUS (FOLIAR TREATMENT) | ANIMAL CAGES | ANIMAL FEED (STORAGE AREAS-EMPTY) | ANIMAL LIVING QUARTERS | ANIMAL STABLES (UNSPECIFIED) (ENCLOSED PREMISE TREATMENT) | ANIMAL TRANSPORTATION VEHICLES | ANT HILLS | ANT HILLS (BAIT APPLICATION) | APARTMENT BUILDINGS (INDOOR) | APARTMENT BUILDINGS (INDOOR) (BAIT APPLICATION) | APARTMENTS (INDOOR) | APARTMENTS (OUTDOOR) | APPLES (BARK TREATMENT) | APPLES (DELAYED DORMANT APPLICATION) | APPLES (FOLIAR TREATMENT),ACROBAT ANTS | ADELGIDS | ALFALFA CATERPILLAR | ALFALFA LOOPER | AMERICAN COCKROACH | AMERICAN DOG TICK | ANTHRACNOSE | ANTS | APHIDS | APPLE MAGGOT | ARGENTINE ANT | ARMYWORM | ASIAN COCKROACH | ASIAN LADY BEETLES | ASIAN LADY BETTLES (EGGS) | ASPARAGUS APHID | ASPARAGUS BEETLE | ASPARAGUS MINER | AZALEA BARK SCALE | BAGWORM | BANDED CUCUMBER BEETLE | BANDED GRAPE BUG | BANDEDWINGED WHITEFLY | BANKS GRASS MITE | BEAN LEAF BEETLE,Emulsifiable Concentrate | Flowable Concentrate | Formulation Intermediate | Granular | Impregnated Materials | Pelleted/Tableted | Ready-to-Use Solution | Soluble Concentrate | Technical Chemical | Water Dispersible Granule | Water Soluble Packaging | Wettable Powder
SHARED:AI:b22aaed213e313188e85,Acetamiprid,10,HU,77,77,0,0,4,,,"folyékony vízoldható koncentrátum (SL) | szuszpo-emulzió, (szilárd részeckék stabil vizes diszperziója) (SE) | vízoldható granulátum (SG) | vízoldható por (SP)"
CHEBI:70721,CLETHODIM,10,NZ,18,144,0,0,1,,,Herbicide
CHEBI:70721,CLETHODIM,10,AU,124,124,55,43,2,ADZUKI BEAN | BEETROOT | BROAD BEAN | BROAD BEAN - REFER TO LABEL | CABBAGE | CANOLA | CANOLA - SEE LABEL | CELERY | CHICKPEA | CHICKPEA - SEE LABEL | CLOVER / MEDIC SEED CROP | CLOVER PASTURE | CLOVER/MEDIC PASTURE | COTTON | COTTON - REFER TO LABEL | DRIVEWAY | FABA BEAN | FABA BEAN - SEE LABEL | FIELD PEA | FIELD PEAS - REFER TO LABEL | FODDER BEET | FORAGE BRASSICAE | FORESTRY | FORESTRY SEEDLING | FORESTRY TREES,"ANNUAL GRASS | ANNUAL OR WIMMERA RYEGRASS | ANNUAL PHALARIS | ANNUAL RYEGRASS | ANNUAL WEEDS | BARLEY GRASS | BARNYARD GRASS - PRE EMERGENCE | BARNYARD GRASS OR WATER GRASS | BARNYARD OR WATER GRASS | BLOWN GRASS | BROME GRASS | BROME GRASS - BROMUS UNIOLOIDES | CANARY GRASS - PHALARIS MINOR | CANARY GRASSES | CROWSFOOT GRASS | FEATHERTOP | FEATHERTOP RHODES GRASS | GREAT, RIPGUT OR KINGSTON BROME | JOHNSON GRASS - SEEDLING | LESSER CANARY GRASS | LIVERSEED OR UROCHLOA GRASS | PARADOXA GRASS | PERENNIAL GRASS WEED | PERENNIAL WEED | RED SPRANGLETOP GRASS",EMULSIFIABLE CONCENTRATE | OTHER LIQUIDS TO BE APPLIED UNDILUTED
CHEBI:70721,CLETHODIM,10,TW,20,32,2,0,1,groundnuts | soybeans,,EC 乳劑
CHEBI:70721,Clethodim,10,NL,11,770,0,0,0,,,
CHEBI:70721,Clethodim,10,US,120,120,1670,93,7,ABELIA | ABELIA (FOLIAR TREATMENT) | ABELIA (GREENHOUSE-FOLIAR TREATMENT) | ABELIA (INTERIOR PLANTSCAPES) | ABELIA (NURSERY) | ABELIA (SOIL TREATMENT) | ACEROLA (NONBEARING) | ACORN SQUASH (SOIL TREATMENT) | ADZUKI BEANS (FOLIAR TREATMENT) | ADZUKI BEANS (SOIL TREATMENT) | AERIAL APPLICATION | AERIAL APPLICATION (FIXED WING) | AERIAL APPLICATION (ROTARY AIRCRAFT) | AFRICAN DAISY (FOLIAR TREATMENT) | AFRICAN DAISY (GREENHOUSE-FOLIAR TREATMENT) | AFRICAN DAISY (NURSERY) | AFRICAN TRAILING DAISY (FOLIAR TREATMENT) | AFRICAN TRAILING DAISY (NURSERY) | AFRICAN TRAILING DAISY (SOIL TREATMENT) | AGAVE (FOLIAR TREATMENT) | AGERATUM | AGERATUM (FOLIAR TREATMENT) | AGERATUM (GREENHOUSE-FOLIAR TREATMENT) | AGERATUM (INTERIOR PLANTSCAPES) | AGERATUM (NURSERY),AMAZON SPRANGLETOP | ANNUAL BLUEGRASS | ANNUAL GRASSES | ANNUAL WEEDS | BAHIAGRASS | BARLEY | BARLEY (VOLUNTEER) | BARNYARDGRASS | BEARDED SPRANGLETOP | BENTGRASS | BERMUDAGRASS | BROADLEAF SIGNALGRASS | BROADLEAF WEEDS | BROME | CALIFORNIA BROME | CANARYGRASS | CEDAR | CHEAT | CITROBACTER FREUNDII ATCC 8090 | CORN | CORN (VOLUNTEER) | CRABGRASS | CROWFOOTGRASS | DALLISGRASS | DOUGLAS-FIR,Emulsifiable Concentrate | Flowable Concentrate | Formulation Intermediate | Formulation Intermediate | Technical Chemical | Ready-to-Use Solution | Soluble Concentrate | Technical Chemical
CHEBI:70721,Clethodim,10,JP,1,32,3,3,1,Asparagus officinalis | cabbages | liquorice,Agrostis gigantea | Elymus repens | Poa annua,乳剤
CHEBI:70721,Clethodim,10,KR,1,10,8,0,1,Panax | Platycodon grandiflorum | garlic | onions | potatoes | sesame seed | soybeans | strawberries,,유제
CHEBI:81833,TRIFLOXYSTROBIN,10,TW,38,2056,23,2,2,Allium sativum | Allium tuberosum | Annona squamosa | Benincasa hispida | Lablab purpureus | Momordica charantia | bananas | common beans | cowpeas | grapes | guavas | kaki | litchis | loquats | peaches | pears | peas | plums | pumpkins | rice | soybeans | strawberries | tea,anthracnosis | powdery mildews,SC 水懸劑 | WG 水分散性粒劑
CHEBI:81833,TRIFLOXYSTROBIN,10,AU,25,25,33,66,3,"ALMOND | APPLE | AZALEA | BANANA | BROADLEAF PASTURE | CANE BERRIES OPEN FIELD AND PROTECTED CROPPING INCLUDING RASPBERRIES, BLACKBERRIES AND DEW BERRIES (E.G BOYSENBERRIES, LOGANBERRIES, YOUNGBERRIES) | CANOLA | COTTON | FORAGE BRASSICAE | GRAPEVINE | GRASS PASTURE | GREEN BEANS | JAPANESE PERSIMMON | LETTUCE | LYCHEE | NON-FRUIT-BEARING PLANTS OF THE MYRTACEAE FAMILY | ORNAMENTAL | ORNAMENTAL PLANT | PAPAYA | PASSIONFRUIT | PASTURE | PEAR | POME FRUIT | PYRETHRUMS | RECREATIONAL TURF",ALTERNARIA LEAF BLIGHT OR SPOT BLIGHT | ANTHRACNOSE | ANTHRACNOSE - COLLETOTRICHUM SPP. | APPLE SCAB | BLACK ROOT ROT - DAMPING OFF - SUPPRESSION | BLACK SIGATOKA | BLACK SPOT | BLACK SPOT (ASPERISPORIUM CARICAE) | BLACK SPOT ON ROSE - DIPLOCARPON ROSAE | BLACK SPOT/SCAB IN APPLE/PEAR | BLACK STEM CANKER SCURF | BLOSSOM BLIGHT - BOTRYTIS SPP. | BROWN PATCH | BROWN ROT | BROWN ROT - MONILINIA SPP. | BROWN SPOT (CORYNESPORA CASSIICOLA) | BROWN SPOT ON PASSIONFRUIT | CORDANA LEAF SPOT | CURVULARIA LEAF SPOT | DAMPING OFF | DAMPING OFF - PHYTOPHTHORA SPP. | DAMPING OFF - RHIZOCTONIA SPP. | DOLLAR SPOT | DOWNY MILDEW - BREMIA LACTUCAE | DOWNY MILDEW - SUPPRESSION,SUSPENSION CONCENTRATE | Suspension concentrates for seed treatment (FS) | WATER DISPERSIBLE GRANULE
CHEBI:81833,Trifloxystrobin,10,KR,15,1596,59,4,3,Allium tuberosum | Arachis hypogaea | Brassica juncea | Camellia sinensis | Capsicum annuum | Carthamus tinctorius | Chrysanthemum coronarium | Daucus carota | Diospyros kaki | Helianthus annuus | Helianthus tuberosus | Ipomoea aquatica | Lactuca indica | Lagenaria siceraria | Limonium | Lycium chinense | Malva verticillata | Momordica charantia | Panax | Panicum miliaceum | Perilla frutescens | Platycodon grandiflorum | Prunus armeniaca | Punica granatum | Setaria italica,powdery mildews | rusts | scabs | spots,수화제 | 액상수화제 | 입상수화제
CHEBI:81833,Trifloxystrobin,10,JP,5,133,3,2,1,nectarines | oysters | tea,postharvest decay | root rots,水和剤
CHEBI:81833,Trifloxystrobin,10,US,54,54,1239,325,7,ADZUKI BEANS (FOLIAR TREATMENT) | ADZUKI BEANS (WATER TREATMENT) | AERIAL APPLICATION | AERIAL APPLICATION (FIXED WING) | AERIAL APPLICATION (ROTARY AIRCRAFT) | AFRICAN VIOLETS (GREENHOUSE-FOLIAR TREATMENT) | AGERATUM (FOLIAR TREATMENT) | AJUGA (FOLIAR TREATMENT) | AJUGA (GREENHOUSE-FOLIAR TREATMENT) | AJUGA (INTERIOR PLANTSCAPES) | AJUGA (NURSERY) | ALFALFA (SEED TREATMENT) | ALLSPICE (FOLIAR TREATMENT) | ALMONDS (DELAYED DORMANT APPLICATION) | ALMONDS (FOLIAR TREATMENT) | ALMONDS (WATER APPLICATION) | ALOE (FOLIAR TREATMENT) | ALYSSUM (FOLIAR TREATMENT) | ALYSSUM (GREENHOUSE-FOLIAR TREATMENT) | ALYSSUM (INTERIOR PLANTSCAPES) | ALYSSUM (NURSERY) | ANGELICA (FOLIAR TREATMENT) | ANISE (FOLIAR TREATMENT) | ANISE STAR (FOLIAR TREATMENT) | APPLE (ORNAMENTAL) (FOLIAR TREATMENT),AERIAL BLIGHT (RHIZOCTONIA) | ALMOND POWDERY MILDEW (PODOSPHAERA TRIDACTYLA/SPHAEROTHECA PANNOSA) | ALTERNARIA | ALTERNARIA BLIGHT | ALTERNARIA SPOT | ALTERNARIA SPP. | ANTHRACNOSE | ANTHRACNOSE (COLLETOTRICHUM GLOEOSPORIOIDES) | ANTHRACNOSE (COLLETOTRICUM) | ANTHRACNOSE (GLOEOSPORIUM) | ANTHRACNOSE (GLOMERELLA CINGULATA) | ANTHRACNOSE (GLOMERELLA) | ANTHRACNOSE LEAF BLIGHT | ANTHRACONSE (DISCULA) | ASCOCHYTA | ASCOCHYTA BLIGHT | ASIAN SOYBEAN RUST (PHAKOPSORA PACHYRHIZI) | ASPERGILLUS | BEAN RUST (UROMYCES) | BELLY ROT OF FRUIT (RHIZOCTONIA) | BITTER ROT (GLOMERELLA CINGULATA) | BITTER ROT (GLOMERELLA) | BLACK LEG (LEPTOSPHAERIA MAWANS) | BLACK MOLD (ALTERNARIA) | BLACK ROOT (ALTERNARIA),Emulsifiable Concentrate | Emulsifiable Concentrate | Flowable Concentrate | Flowable Concentrate | Ready-to-Use Solution | Soluble Concentrate | Water Dispersible Granule | Water Dispersible Granule | Emulsifiable Concentrate
CHEBI:81833,Trifloxystrobin,10,NL,2,22,0,0,0,,,
SHARED:AI:b22aaed213e313188e85,acetamiprid,10,CN,836,1139,25,8,17,Apium graveolens | Brassica oleracea | Brassica rapa subsp. chinensis | Camellia sinensis | Japanese bunching onions | Lonicera | Lycium chinense | apples | bananas | chinese cabbages | common beans | cotton | cowpeas | cucumbers | eggplants | mandarins | muskmelons | radishes | rice | spinach | strawberries | tobacco | tomatoes | watermelons | wheat,Aphis gossypii | Bemisia tabaci | Coccoidea | Helicoverpa armigera | Liriomyza sativae | Plutella xylostella | aphids | mosquitoes,乳油 | 原药 | 可分散油悬浮剂 | 可湿性粉剂 | 可溶性粉剂 | 可溶液剂 | 可溶粉剂 | 可溶粒剂 | 微乳剂 | 悬浮剂 | 水乳剂 | 水分散粒剂 | 油悬浮剂 | 泡腾片剂 | 烟剂 | 粉剂 | 饵剂
SHARED:AI:b22aaed213e313188e85,acetamiprid,10,GB-NI,5,5,3,0,3,"aubergine (permanent protection with full enclosure), ornamental plant production (container grown, permanent protection with full enclosure), ornamental plant production (outdoor, container grown), ornamental plant production (protected, container grown) | aubergine (protected), cherry (outdoor), house plant, ornamental garden plants, plum (outdoor), potato (outdoor) | aubergine, cherry (outdoor), house plant, ornamental garden plants, plum, potato",,Micro-emulsion | Soluble concentrate | Water soluble granule
SHARED:AI:b22aaed213e313188e85,acetamiprid,10,GB,4,4,4,0,3,"apple (outdoor), aubergine (protected), cherry (outdoor), house plant, lettuce (outdoor), lettuce (protected), ornamental garden plants, pear (outdoor), pepper (protected), plum (outdoor), potato (outdoor), tomato (protected) | apple, aubergine, cherry, house plant, lettuce, ornamental garden plants, pear, pepper (protected), plum, potato, tomato | aubergine (permanent protection with full enclosure), ornamental plant production (container grown, permanent protection with full enclosure), ornamental plant production (outdoor, container grown), ornamental plant production (protected, container grown), pepper and chilli (permanent protection with full enclosure), tomato (permanent protection with full enclosure) | aubergine (permanent protection with full enclosure), ornamental plant production, tomato (permanent protection with full enclosure)",,Soluble concentrate | Water soluble granule | Water soluble powder
CHEBI:70721,clethodim,10,CN,238,289,1,2,6,non-arable land,annual weeds | weeds,乳油 | 原药 | 可分散油悬浮剂 | 微乳剂 | 母液 | 母药
CHEBI:70721,clethodim,10,GB-NI,4,4,1,0,1,"oilseed rape (winter), sugar beet",,Emulsifiable concentrate
CHEBI:70721,clethodim,10,GB,1,1,1,0,1,"oilseed rape (winter), sugar beet",,Emulsifiable concentrate
CHEBI:81833,trifloxystrobin,10,CN,336,780,29,8,9,Camellia sinensis | Coffea | Helianthus annuus | Lycium chinense | Momordica charantia | Panax ginseng | apples | bananas | chillies | cowpeas | cucumbers | dragon fruits | eggplants | garlic | grapes | groundnuts | maize | mangoes | muskmelons | onions | potatoes | rice | strawberries | tobacco | tomatoes,anthracnosis | bakanae disease | blasts (plant) | downy mildews | powdery mildews | rice blast disease | rusts | scabs,乳油 | 原药 | 可湿性粉剂 | 微乳剂 | 悬乳剂 | 悬浮剂 | 水乳剂 | 水分散粒剂 | 种子处理悬浮剂
CHEBI:81833,trifloxystrobin,10,NZ,15,135,0,0,1,,,Fungicide
CHEBI:81833,trifloxystrobin,10,GB,1,1,1,0,1,"red beet, sugar beet",,Suspension concentrate
CHEBI:81833,trifloxystrobin,10,GB-NI,1,1,1,0,1,"barley, wheat (winter)",,Suspension concentrate
CHEBI:40909,AZOXYSTROBIN,9,TW,119,11807,28,2,2,Annona squamosa | Brassica rapa | Camellia sinensis | Chrysanthemum morifolium | Cocos nucifera | Sesamum indicum | Theobroma cacao | bananas | coffee | common beans | cowpeas | grapes | groundnuts | guavas | kaki | litchis | loquats | mint | okras | peaches | pears | peas | soybeans | strawberries | sugar beet,anthracnosis | blight,SC 水懸劑 | WG 水分散性粒劑
CHEBI:40909,AZOXYSTROBIN,9,NZ,21,189,0,0,1,,,Fungicide
CHEBI:40909,AZOXYSTROBIN,9,AU,148,148,98,184,7,"ADZUKI BEANS, MUNG BEANS AND NAVY BEANS | ALMOND | ANISE MYRTLE | AVOCADO | AVOCADO PLANTATION | BARLEY | BARLEY - SEE LABEL | BEAN | BRASSICA LEAFY VEGETABLES | BRASSICA LEAFY VEGETABLES - SEE LABEL | BRASSICA VEGETABLES | BROAD BEAN | BULB VEGETABLE | CANE BERRY FRUIT | CANOLA | CARROT | CARROT - REFER TO LABEL | CEREAL RYE | CHICKPEA | CHRYSANTHEMUM OR TANACETUM | CITRUS | COTTON | CUCURBIT | CUCURBITS - FIELD | CUT FLOWER",ALTERNARIA FRUIT ROT | ALTERNARIA LATE BLIGHT | ALTERNARIA LEAF BLIGHT OR SPOT BLIGHT | ALTERNARIA LEAF SPOT - A. ZINNIAE | ALTERNARIA LEAF SPOT - ALTERNARIA SPP. | ALTERNARIA LEAF SPOT - SUPPRESSION - ALTERNARIA SPP. | ALTERNARIA LEAF SPOT - SUPPRESSION - SCLEROTIUM CEPIVORUM | ALTERNARIA ROT | ALTERNATA SPOT | ANTHRACNOSE | ANTHRACNOSE - COLLETOTRICHUM GRAMINICOLA | ANTHRACNOSE - M. PANATTONIANUM | ANTHRACNOSE ON OLIVES | ANTHRACNOSE ON VINES/RUBUS SPP. | ASCOCHYTA BLIGHT | ASCOCHYTA BLIGHT - ASCOCHYTA LENTIS | ASCOCHYTA BLIGHT - ASCOCHYTA RABIEI | ASCOCHYTA BLIGHT OR BLACK STEM ON PEA | BARLEY LEAF SCALD | BASE ROT - RHIZOCTONIA SOLANI | BEAN OR BROAD BEAN RUST- U. VICIAE-FABAE | BLACK HELMINTHOSPORIUM | BLACK ROT | BLACK SPOT | BLACK SPOT - COLLETOTRICHUM ACUTATUM,DISPERSIBLE CONCENTRATE | EMULSIFIABLE CONCENTRATE | POWDER FOR DRY SEED TREATMENT | SUSPENSION CONCENTRATE | SUSPOEMULSION | Suspension concentrates for seed treatment (FS) | WATER DISPERSIBLE GRANULE
CHEBI:40909,Azoxystrobin,9,KR,58,7965,62,5,4,Allium tuberosum | Arachis hypogaea | Brassica juncea | Brassica napus | Camellia sinensis | Capsicum annuum | Carthamus tinctorius | Chrysanthemum coronarium | Daucus carota | Diospyros kaki | Helianthus annuus | Ipomoea aquatica | Job's tears | Kalanchoe | Lactuca indica | Lagenaria siceraria | Lycium chinense | Malva verticillata | Momordica charantia | Panax | Panicum miliaceum | Perilla frutescens | Platycodon grandiflorum | Prunus armeniaca | Pteridium aquilinum,downy mildews | powdery mildews | rusts | scabs | spots,미탁제 | 수화제 | 액상수화제 | 입상수화제
CHEBI:40909,Azoxystrobin,9,JP,21,629,27,9,4,Asparagus officinalis | Brassica oleracea var. italica | Eustoma grandiflorum | Hylocereus undatus | Malpighia glabra | bananas | basil | cabbages | celery | endives | green onions | guavas | hops | lawn grasses | lettuces | mangoes | muskmelons | nectarines | okras | olives | oysters | parsley | passion fruits | sweet peppers | tea,Aphididae | Cnaphalocrocis medinalis | Heteroptera | Leguminivora glycinivorella | Nephotettix cincticeps | Spodoptera litura | early blight (Alternaria) | root rots | rusts,水和剤 | 粉剤 | 粉粒剤 | 粒剤
CHEBI:40909,Azoxystrobin,9,NL,19,535,0,0,0,,,
CHEBI:40909,Azoxystrobin,9,US,297,297,3996,770,13,ABELIA (CONTAINERIZED) | ABELIA (FOLIAR TREATMENT) | ABELIA (GREENHOUSE-FOLIAR TREATMENT) | ABELIA (INTERIOR PLANTSCAPES) | ABELIA (NURSERY) | ABELIA (SOIL TREATMENT) | ACEROLA (FOLIAR TREATMENT) | ACEROLA (NONBEARING) | ACEROLA (SOIL TREATMENT) | ACORN SQUASH (SOIL TREATMENT) | ADHESIVES | ADHESIVES (JOINT CEMENTS) | ADHESIVES (SYNTHETIC) | ADZUKI BEANS (BAIT APPLICATION) | ADZUKI BEANS (FOLIAR TREATMENT) | ADZUKI BEANS (SOIL TREATMENT) | ADZUKI BEANS (WATER TREATMENT) | AERIAL APPLICATION | AERIAL APPLICATION (FIXED WING) | AERIAL APPLICATION (ROTARY AIRCRAFT) | AFRICAN IRIS (FOLIAR TREATMENT) | AFRICAN IRIS (WATER TREATMENT) | AGERATUM (CONTAINERIZED) | AGERATUM (FOLIAR TREATMENT) | AGERATUM (NURSERY),AERIAL BLIGHT (RHIZOCTONIA) | ALGAE | ALTERNARIA | ALTERNARIA BLIGHT | ALTERNARIA FRUIT SPOT | ALTERNARIA LEAF AND FRUIT SPOT | ALTERNARIA ROT/BLACK MOLD OF TOMATO (A.TENUIS) | ALTERNARIA SPOT | ALTERNARIA SPP. | ANGULAR LEAF SPOT | ANTHRACNOSE | ANTHRACNOSE (COLLETOTRICHUM GLOEOSPORIOIDES) | ANTHRACNOSE (COLLETOTRICUM) | ANTHRACNOSE (ELSINOE) | ANTHRACNOSE (GLOEOSPORIUM) | ANTHRACNOSE (GLOEOSPORIUM/GLOMERELLA) | ANTHRACNOSE (GLOMERELLA CINGULATA) | ANTHRACNOSE (GLOMERELLA) | ANTHRACNOSE (GLOMERELLA/COLLETOTRICHUM) | ANTHRACNOSE (GNOMONIA) | ANTHRACNOSE FRUIT ROT | ANTHRACNOSE LEAF BLIGHT | ANTHRACNOSE OF BEAN (COLLECTOTRICHUM LINDEMUTHIANUM) | ANTHRACNOSE OF COTTON (GLOMERELLA GOSSYPII) | ANTHRACNOSE OF CUCURBITS (COLLETOTRICHUM LAGENARIUM),Dust | Emulsifiable Concentrate | Emulsifiable Concentrate | Flowable Concentrate | Flowable Concentrate | Formulation Intermediate | Granular | Ready-to-Use Solution | Soluble Concentrate | Soluble Concentrate | Flowable Concentrate | Soluble Concentrate | Technical Chemical | Technical Chemical | Water Dispersible Granule | Wettable Powder
CHEBI:34608,CAPTAN,9,TW,65,143,1,0,1,sugar cane,,WP 可溼性粉劑
CHEBI:34608,CAPTAN,9,NZ,13,117,0,0,1,,,Fungicide
CHEBI:34608,CAPTAN,9,AU,39,39,14,46,2,ALMOND | APPLE | APPLE CROP = APPLE ORCHARD | GRAPE | ORNAMENTAL SEEDLING | PEANUT SEED | PEAR | PISTACHIO | ROSE | STONE FRUIT | STONE FRUIT (SEE LABEL FOR EXCEPTIONS) | STRAWBERRY | TOBACCO SEEDLING | TURF,ANTHRACNOSE - COLLETOTRICHUM ACUTATUM | ANTHRACNOSE - COLLETOTRICHUM SPP. | ANTHRACNOSE ON VINES/RUBUS SPP. | BLACK SPOT | BLACK SPOT - COLLETOTRICHUM ACUTATUM | BLACK SPOT - VENTURIA SPP. | BLACK SPOT ON APPLES | BLACK SPOT ON GRAPES - ELSINOE AMPELINA | BLACK SPOT ON PEARS | BLACK SPOT ON ROSE | BLACK SPOT ON ROSE - DIPLOCARPON ROSAE | BLACK SPOT/SCAB IN APPLE/PEAR | BLOSSOM BLIGHT - MONILINIA LAXA | BLOSSOM BLIGHT - SCLEROTINIA FRUCTICOLA | BLOSSOM BLIGHT - SCLEROTINIA LAXA | BLOSSOM BLIGHT - SCLEROTINIA SPP. | BROWN PATCH | BROWN PATCH - RHIZOCTONIA SOLANI | BROWN ROT | BROWN ROT - SCLEROTINIA SPP. | DAMPING OFF | DAMPING OFF - PHYTOPHTHORA SPP. | DAMPING OFF - PYTHIUM ULTIMUM | DAMPING OFF FUNGI | DOWNY MILDEW,DUST | WATER DISPERSIBLE GRANULE
CHEBI:81841,CYAZOFAMID,9,TW,23,725,14,1,1,Apium graveolens | Chrysanthemum coronarium | Lycium chinense | cantaloupes | chillies | grapes | guavas | okras | pepino | rice | strawberries | sweet peppers | tomatoes | watermelons,blight,SC 水懸劑
CHEBI:81841,CYAZOFAMID,9,AU,9,9,10,9,1,BASIL (FIELD AND PROTECTED CROPS) | BRASSICA LEAFY VEGETABLES | BRASSICA LEAFY VEGETABLES - SEE LABEL | BROCCOLI | NURSERY STOCK - NON-FOOD BEARING | POPPY (P.SOMNIFERUM) | POTATO | SPINACH | SPINACH AND SILVERBEET (FIELD GROWN) | TURF,DOWNY MILDEW | DOWNY MILDEW - PERONOSPORA SOMNIFERI | DOWNY MILDEW - PERONOSPORA SPP. | LATE BLIGHT OR IRISH BLIGHT | PYTHIUM LEAF BLIGHT | PYTHIUM ROOT DYSFUCTION | PYTHIUM SPP. | TOP AND ROOT ROT | WHITE BLISTER,SUSPENSION CONCENTRATE
CHEBI:81797,CYFLUFENAMID,9,AU,3,3,4,1,1,CUCURBIT | GRAPEVINE | STRAWBERRY (SEE LABEL) | STRAWBERRY RUNNERS AND PLUG PLANTS,POWDERY MILDEW,EMULSION - OIL IN WATER
CHEBI:81797,CYFLUFENAMID,9,TW,1,1,0,0,0,,,
CHEBI:4042,CYPERMETHRIN,9,TW,146,7286,7,0,5,Apium graveolens | Basella alba | Helianthus annuus | Sesamum indicum | okras | strawberries | taro,,EC 乳劑 | EW 水基乳劑 | ME 微乳劑 | RB 餌劑 | WP 可溼性粉劑
CHEBI:4042,CYPERMETHRIN,9,AU,123,123,85,92,10,AGRICULTURAL BUILDINGS | BARLEY | BARLEY - SEED | BARRIER SPRAYING | BOOKCASE | BROCCOLI | BRUSSELS SPROUTS | BUSH TOMATO | CABBAGE | CANOLA | CARPET | CATTLE | CAULIFLOWER | CEREAL CROP | CEREAL CROP - PRIOR TO SOWING | CEREALS | CHICKPEA | CHINESE CABBAGE | CLOTHING STORAGE AREA | COTTON | CUPBOARD | DEER | DISEASE OUTBREAK PROGRAM | DOG | DOG - FARM DOG,ANT | ARMYWORM - MYTHIMNA SPP. | ARMYWORM - PERSECTANIA SPP. | BARLEY LEAF SCALD | BED BUG | BITING MIDGE | BLUE OAT OR PEA MITE | BUFFALO FLY | BUNT | BUSH TICK | CABBAGE MOTH | CABBAGE WHITE BUTTERFLY | CARPET BEETLE | CATTLE BITING LOUSE | CATTLE TICK | CEREAL BUNT | CLOTHES MOTH | CLUSTER CATERPILLAR | COCKROACH | COCKROACH - EGG | COMMON ARMYWORM | COMMON ARMYWORM - MYTHIMNA CONVECTA | CORN EARWORM | COTTON BUDWORM OR BOLLWORM | COTTON LOOPER,AEROSOL | EMULSIFIABLE CONCENTRATE | LIQUID | MICRO EMULSION | POWDER | SUSPENSION CONCENTRATE | Suspension concentrates for seed treatment (FS) | TOPICAL SOLUTION/SUSPENSION | ULTRA LOW VOLUME | WETTABLE POWDER
CHEBI:4042,CYPERMETHRIN,9,NZ,4,40,0,0,2,,,Ectoparasiticide | Insecticide
CHEBI:34608,Captan,9,JP,18,885,17,7,1,Anthurium andraeanum | Cosmos bipinnatus | Tulipa | blueberries | feed crops | green onions | lawn grasses | lettuces | mangoes | muskmelons | okras | oysters | pineapples | quinces | sweet peppers | tomatoes | vegetables,Algae | Bryophyta | footrot (plant) | leaf curls | root rots | rusts | shot holes,水和剤
CHEBI:34608,Captan,9,NL,13,429,0,0,0,,,
CHEBI:34608,Captan,9,KR,13,191,17,3,3,Capsicum annuum | Daucus carota | Diospyros kaki | Panax | barley | buckwheat | common beans | cowpeas | garlic | grapevines | oats | onions | potatoes | strawberries | tomatoes | watermelons | wheat,downy mildews | scabs | spots,수화제 | 입상수화제 | 정제상수화제
CHEBI:34608,Captan,9,US,53,53,229,161,6,AERIAL APPLICATION | AERIAL APPLICATION (FIXED WING) | AERIAL APPLICATION (ROTARY AIRCRAFT) | ALFALFA (SEED TREATMENT) | ALMONDS (DELAYED DORMANT APPLICATION) | ALMONDS (FOLIAR TREATMENT) | ALMONDS (POPCORN STAGE APPLICATION) | APPLES (DELAYED DORMANT APPLICATION) | APPLES (DIP TREATMENT) | APPLES (FOLIAR TREATMENT) | APPLES (POSTHARVEST APPLICATION TO NON-STORED COMMODITY) | APPLES (POSTHARVEST APPLICATION TO PLANTS) | APRICOTS (DELAYED DORMANT APPLICATION) | APRICOTS (FOLIAR TREATMENT) | ASPARAGUS BEANS (SEED TREATMENT) | AZALEA (CUTTINGS) | AZALEA (CUTTINGS) (DIP TREATMENT) | AZALEA (DELAYED DORMANT APPLICATION) | AZALEA (DIP TREATMENT) | AZALEA (FOLIAR TREATMENT) | AZALEA (SOIL TREATMENT) | BARLEY (SEED TREATMENT) | BEANS (ADZUKI) (SEED TREATMENT) | BEANS (BROAD) (SEED TREATMENT) | BEANS (DRY) (SEED TREATMENT),ALTERNARIA LEAF AND FRUIT SPOT | ALTERNARIA SPOT | ANTHRACNOSE | ANTHRACNOSE (COLLETOTRICUM) | ANTHRACNOSE (GLOEOSPORIUM) | ANTHRACNOSE FRUIT ROT | APHIDS | APPLE SCAB (VENTURIA INAEQUAILIS) | BEAN LEAF BEETLE | BERRY ROT | BERRY ROT (ALTERNARIA) | BIRD CHERRY-OAT APHID | BITTER ROT (COLLETOTRICHUM) | BITTER ROT (GLOMERELLA CINGULATA) | BITTER ROT (GLOMERELLA) | BLACK POX (HELMINTHOSPORIUM) | BLACK ROT | BLACK ROT (PHYSALOSPORA) | BLACK ROT OF GRAPES (GUIGNARDIA BIDWELLII) | BLACK ROT/FROGEYE LEAF SPOT (PHYSALOSPORA OBTUSA) | BLACK SPOT | BLACK SPOT OF ROSE (DIPLOCARPON ROSAE) | BLOSSOM & TWIG BLIGHT | BLOSSOM & TWIG BLIGHT (MONILINIA) | BLOSSOM BLIGHT,Dust | Flowable Concentrate | Soluble Concentrate | Technical Chemical | Water Dispersible Granule | Wettable Powder
CHEBI:81841,Cyazofamid,9,KR,13,892,35,2,1,Allium tuberosum | Brassica juncea | Brussels sprouts | Capsicum annuum | Carthamus tinctorius | Chrysanthemum coronarium | Lagenaria siceraria | Limonium | Lycium chinense | Panax | Perilla frutescens | Setaria italica | blueberries | branches | cabbages | cauliflowers | cucumbers | ginger | grapevines | kales | kohlrabi | lettuces | mangoes | muskmelons | onions,downy mildews | root rots,액상수화제
CHEBI:81841,Cyazofamid,9,US,22,22,577,53,4,ADZUKI BEANS (FOLIAR TREATMENT) | AERIAL APPLICATION | AMARANTHUS (FOLIAR TREATMENT) | AMARANTHUS (SOIL TREATMENT) | ANGELICA (FOLIAR TREATMENT) | APARTMENTS (OUTDOOR) | ARRACACHA (FLOLIAR TREATMENT) | ARRACACHA (SOIL TREATMENT) | ARRACACIA (FOLIAR TREATMENT) | ARRACACIA (SOIL TREATMENT) | ARROWROOT (FOLIAR TREATMENT) | ARROWROOT (SOIL TREATMENT) | ARRUGULA (FOLIAR TREATMENT) | ARRUGULA (SOIL TREATMENT) | ARRUGULA (WATER TREATMENT) | ARTICHOKES (FOLIAR TREATMENT) | ARTICHOKES (SOIL TREATMENT) | ASPARAGUS BEANS (FOLIAR TREATMENT) | ASPARAGUS BEANS (WATER TREATMENT) | BAHIAGRASS (FOLIAR TREATMENT) | BAHIAGRASS (ORNAMENTAL TURF) (FOLIAR TREATMENT) | BALM (FOLIAR TREATMENT) | BALM (GREENHOUSE-FOLIAR TREATMENT) | BALM (GREENHOUSE-WATER TREATMENT) | BALM (WATER TREATMENT),ANTHRACNOSE | BROWN PATCH (RHIZOCTONIA) | CAVITY SPOT | CLUB ROOT (PLASMODIOPHORA) | COTTONY LEAK (PYTHIUM) | CROWN ROT (PHYTOPHTHORA) | CROWN ROT (PYTHIUM) | DAMPING-OFF | DAMPING-OFF (PYTHIUM) | DIEBACK | DOWNY MILDEW | DOWNY MILDEW (BREMIA LACTUCAE) | DOWNY MILDEW (PERONOSPORA) | DOWNY MILDEW (PLASMOPARA) | DOWNY MILDEW (PSEUDOPERONOSPORA) | DOWNY MILDEW OF BEAN (PHYTOPHTHORA PHASEOLI) | DOWNY MILDEW OF CUCURBITS (PSEUDOPERONOSPORA CUBENSIS) | DOWNY MILDEW OF GRAPE (PLASMOPARA VITICOLA) | DOWNY MILDEW OF HOPS (PSEUDOPERONOSPORA HUMULI) | DOWNY MILDEW OF ONIONS (PERONOSPORA DESTRUCTOR) | FAIRY RING | FOLIAGE BLIGHTS | GRAY LEAF SPOT | LARGE PATCH (RHIZOCTONIA) | LATE BLIGHT (PHYTOPHTHORA),Emulsifiable Concentrate | Flowable Concentrate | Soluble Concentrate | Technical Chemical
CHEBI:81841,Cyazofamid,9,NZ,2,18,0,0,1,,,Fungicide
CHEBI:81797,Cyflufenamid,9,JP,4,48,5,0,2,muskmelons | oysters | stone fruits | sweet peppers | tomatoes,,くん煙剤 | 水和剤
CHEBI:81797,Cyflufenamid,9,NL,5,45,0,0,0,,,
CHEBI:81797,Cyflufenamid,9,NZ,1,9,0,0,1,,,Fungicide
CHEBI:81797,Cyflufenamid,9,US,5,5,171,2,2,ABELIA (FOLIAR TREATMENT) | ACHILLEA (FOLIAR TREATMENT) | ACHILLEA (NURSERY) | AERIAL APPLICATION | AERIAL APPLICATION (FIXED WING) | AERIAL APPLICATION (ROTARY AIRCRAFT) | AGERATUM (FOLIAR TREATMENT) | AGERATUM (NURSERY) | APPLES (FOLIAR TREATMENT) | ASTER (FOLIAR TREATMENT) | ASTER (NURSERY) | AZALEA (FOLIAR TREATMENT) | AZALEA (NURSERY STOCK) | BARBERRY (FOLIAR TREATMENT) | BARBERRY (NURSERY) | BEGONIA (FOLIAR TREATMENT) | BEGONIA (NURSERY) | BELLFLOWER (FOLIAR TREATMENT) | BELLFLOWER (NURSERY) | BITTERSWEET (FOLIAR TREATMENT) | BITTERSWEET (NURSERY STOCK) | BLUEBERRIES (LOW BUSH) (FOLIAR TREATMENT) | BUCKEYE (FOLIAR TREATMENT) | BUCKEYE (NURSERY) | BUTTONBUSH (FOLIAR TREATMENT),NO PEST | POWDERY MILDEW,Emulsifiable Concentrate | Technical Chemical
CHEBI:4042,Cypermethrin,9,JP,8,826,11,21,2,Asparagus officinalis | Dianthus caryophyllus | basil | cabbages | lettuces | muskmelons | nectarines | oysters | sweet peppers | tea | tomatoes,Acanthoscelides obtectus | Agromyzidae | Aleyrodidae | Aphididae | Drosophilidae | Dryocosmus kuriphilus | Epilachna varivestis | Helicoverpa armigera | Heteroptera | Hyphantria cunea | Leguminivora glycinivorella | Mythimna separata | Ostrinia furnacalis | Phyllocnistis citrella | Phyllonorycter ringoniella | Plutella xylostella | Scirtothrips dorsalis | Spodoptera exigua | Spodoptera litura | Trialeurodes vaporariorum | Tribolium castaneum,乳剤 | 水和剤
CHEBI:4042,Cypermethrin,9,KR,10,380,12,1,1,Brassica juncea | Brassica napus | Helianthus annuus | Lycium chinense | Panax | cabbages | cauliflowers | kales | kohlrabi | sweet cherries | tobacco | turnips,Pieris rapae,유제
CHEBI:4042,Cypermethrin,9,US,113,113,448,381,8,ACORN SQUASH (SOIL TREATMENT) | AERIAL APPLICATION | AIRCRAFT (FEED/FOOD-EMPTY) | AIRCRAFT (FEED/FOOD-EMPTY) (RESIDUAL GENERAL TREATMENT) | AIRCRAFT (NON FEED/FOOD) | AIRCRAFT (NONFEED/NONFOOD) (NON-RESIDUAL CONTACT TREATMENT) | AIRCRAFT (NONFEED/NONFOOD) (RESIDUAL GENERAL TREATMENT) | ANIMAL LIVING QUARTERS | ANT DENS/HILLS/MOUNDS (ALL OR UNSPECIFIED) | ANT DENS/HILLS/MOUNDS (SOIL TREATMENT) | ANT HILLS | APARTMENT BUILDINGS (INDOOR) | APARTMENTS (INDOOR) | APARTMENTS (OUTDOOR) | ARTICHOKES (SOIL TREATMENT) | AWNINGS | BAKERIES | BARNS (INDOOR) | BARNS (OUTDOOR) | BARNS (WOOD) (SOIL CONTACT NONFUMIGATION TREATMENT) | BARRIER STRIPS | BASEBOARDS | BASEMENTS | BATHROOMS | BATHROOMS/LAVATORIES (INDOOR),ACROBAT ANTS | ADELGIDS | AEDES MOSQUITO | ALDER | ALFALFA CATERPILLAR | ALFALFA LOOPER | ALLEGHENY MOUND ANT | AMBROSIA BEETLES | AMERICAN COCKROACH | AMERICAN DOG TICK | AMERICAN PLUM BORER | AMERICAN ROACH | ANNUAL BLUEGRASS WEEVILS | ANOBIID BEETLES | ANOPHELES MOSQUITOES (ADULT) | ANTS | APHIDS | APPLE APHID | APPLE MAGGOT | ARGENTINE ANT | ARMYWORM | ARTICHOKE PLUME MOTH | ASIAN COCKROACH | ASIAN LADY BEETLES | ASIAN LADY BETTLES (EGGS),Emulsifiable Concentrate | Formulation Intermediate | Impregnated Materials | Pressurized Liquid | Ready-to-Use Solution | Soluble Concentrate | Technical Chemical | Water Soluble Packaging
CHEBI:4042,Cypermethrin,9,NL,4,24,0,0,0,,,
CHEBI:4388,DELTAMETHRIN,9,TW,146,15841,25,2,6,Annona squamosa | Apium graveolens | Brassica juncea | Chrysanthemum morifolium | Ipomoea aquatica | Manilkara zapota | Theobroma cacao | bananas | coffee | eggplants | grapes | guavas | kaki | litchis | maize | okras | rice | sorghum grain | spinach | strawberries | sugar beet | taro | tea | tomatoes | vegetables,Naranga aenescens | Plutella xylostella,DP 粉劑 | EC 乳劑 | EW 水基乳劑 | PB 套袋 | SC 水懸劑 | TB 片劑
CHEBI:4388,DELTAMETHRIN,9,AU,101,101,124,107,11,AGRICULTURAL BUILDINGS | ANIMAL HOUSING | BARRACKS | BERRY VEGETABLE | BRASSICA SPP. OR COLE CROP | BROCCOLI | BRUSSELS SPROUTS | BUILDING | BUILDING CONSTRUCTION | BUILDINGS - AROUND | CABBAGE | CANOLA | CANOLA OILSEED CROP | CANTEEN AND/OR BAKERY AND/OR RESTAURANT | CAPE GOOSEBERRY | CATTLE | CATTLE - BEEF | CAULIFLOWER | CEREAL CROP | CEREALS | CHICKPEA | COLE CROPS - SEE LABEL | COMMERCIAL AREA - GENERAL | COMMERCIAL BUILDING UNDER CONSTRUCTION | COMMERCIAL BUILDING/STRUCTURE - EXTERNAL,ANT | ANTS | AUGER BEETLE | BARK EATING WEEVIL | BED BUG | BED BUG EGGS | BEE | BIRD MITE | BITING MIDGE | BLOWFLY ADULT - CHRYSOMYA SPP. | BLOWFLY ADULT - LUCILIA SPP. | BROWN DOG TICK | BUFFALO FLY | BUFFALO FLY - PYRETHROID RESISTANT | CABBAGE CENTER GRUB | CABBAGE MOTH | CABBAGE WHITE BUTTERFLY | CARPET BEETLE | CATTLE BITING LOUSE | CATTLE TICK | CATTLE TICK - SEE LABEL RESISTANT STRAIN | CLOTHES MOTH | COCKROACH | COCKROACHES | COMMON ARMYWORM - MYTHIMNA CONVECTA,"AEROSOL | COLLAR, MEDALION | EMULSIFIABLE CONCENTRATE | EMULSION - OIL IN WATER | LAMINATED BLANKET | OTHER LIQUIDS TO BE APPLIED UNDILUTED | SMOKE GENERATOR (FUMIGANT INSECT OR FUNGICIDE) | SUSPENSION CONCENTRATE | SUSPOEMULSION | TOPICAL SOLUTION/SUSPENSION | WATER DISPERSIBLE GRANULE"
CHEBI:4388,DELTAMETHRIN,9,NZ,10,91,0,0,2,,,Ectoparasiticide | Insecticide
CHEBI:81760,DIFENOCONAZOLE,9,TW,103,5624,24,2,4,Allium sativum | Allium tuberosum | Brassica rapa | Chrysanthemum coronarium | Chrysanthemum morifolium | Helianthus annuus | Lycium chinense | Moringa oleifera | bananas | chillies | common beans | cowpeas | eggplants | kaki | peaches | pears | pepino | rice | spinach | strawberries | sweet peppers | tea | tomatoes | watermelons,anthracnosis | powdery mildews,EC 乳劑 | SC 水懸劑 | WG 水分散性粒劑 | WP 可溼性粉劑
CHEBI:81760,DIFENOCONAZOLE,9,NZ,12,108,0,0,1,,,Fungicide
CHEBI:81760,DIFENOCONAZOLE,9,AU,34,34,30,60,6,APPLE | BANANA | BANANA - INTERPLANTED WITH AVOCADOS | BANANA - SEE LABEL | BARLEY | BEETROOT | CARROT | CELERIAC | CELERY | CUCURBIT | FRUITING VEGETABLES EXCLUDING CUCURBITS | GRAPE - TABLE | GRAPE - WINE | MACADAMIA | MACADAMIA NUT | OATS | ORNAMENTAL - FLOWER OR SHRUB | ORNAMENTAL CITRUS | ORNAMENTAL PLANT - POTTED | ORNAMENTAL TREE | PEANUT | PEAR | POTATO | ROOT VEGETABLE | ROSE,ALTERNARIA LEAF SPOT - ALTERNARIA SPP. | APHID | BLACK SIGATOKA | BLACK SPOT ON ROSE | BLACK SPOT/SCAB IN APPLE/PEAR | CERCOSPORA LEAF SPOT | COVERED SMUT (BUNT) - TILLETIA SPP. | COVERED SMUT - U. SEGETUM VAR. SEGETUM | CROWN ROT - SUPRESSION OF | EARLY BLIGHT | EARLY BLIGHT (TARGET SPOT) | EARLY BLIGHT ON CELERY | EARLY BLIGHT OR TARGET BLACKSPOT | EARLY LEAF SPOT ON PEANUT | FLAG SMUT ON CEREAL | FLAT GRAIN BEETLE | FUSARIUM HEAD BLIGHT - SUPPRESSION | GUMMY STEM BLIGHT - DIDYMELLA BRYONIAE | HUSK SPOT - PSEUDOCERCOSPORA MACADAMIAE | LATE BLIGHT OR IRISH BLIGHT | LATE LEAF SPOT ON PEANUT | LEAF BLIGHT | LEAF BLIGHT - A. DAUCI & C. CAROTAE | LEAF SPOT | LEAF SPOT - ALTERNARIA CERCOSPORA,EMULSIFIABLE CONCENTRATE | EMULSION - OIL IN WATER | OTHER LIQUIDS TO BE APPLIED UNDILUTED | SUSPENSION CONCENTRATE | Suspension concentrates for seed treatment (FS) | WATER DISPERSIBLE GRANULE
CHEBI:81842,DITHIANON,9,TW,41,741,6,1,3,grapes | guavas | litchis | peaches | sweet peppers | tea,anthracnosis,SC 水懸劑 | WG 水分散性粒劑 | WP 可溼性粉劑
CHEBI:81842,DITHIANON,9,NZ,5,45,0,0,1,,,Fungicide
CHEBI:81842,DITHIANON,9,AU,19,19,14,33,1,APPLE | APRICOT | CANNING VARIETY OF PEACH | CHERRIES - (DIP) | CHERRY | GRAPE | GRAPEVINE | NECTARINE | PEACH | PEAR | PLUM | PRUNE | STONE FRUIT | STONE FRUIT - ALL,ALTERNARIA FRUIT SPOT - APPLE | ALTERNARIA FRUIT SPOT ? APPLE? | ALTERNARIA LEAF BLOTCH - APPLE | APPLE SCAB | BITTER ROT | BLACK SPOT | BLACK SPOT - COLLETOTRICHUM ACUTATUM | BLACK SPOT ON APPLES | BLACK SPOT ON GRAPES - ELSINOE AMPELINA | BLACK SPOT ON PEARS | BLACK SPOT/SCAB IN APPLE/PEAR | BROWN ROT | BROWN ROT (FRUIT PHASE) - M. FRUCTICOLA | DOWNY MILDEW | DOWNY MILDEW ON GRAPE | FRECKLE | FRECKLE OR SCAB ON STONE FRUIT | LEAF BLIGHT - PHOMOPSIS VITICOLA | LEAF CURL | LEAF SPOT | LEAF SPOT - ALTERNARIA CERCOSPORA | PEACH BLIGHT | PEAR SCAB | PEAR SPOT | PHOMOPSIS CANE,WATER DISPERSIBLE GRANULE
CHEBI:4388,Deltamethrin,9,KR,26,3719,55,8,3,Allium tuberosum | Brassica napus | Brussels sprouts | Capsicum annuum | Chrysanthemum coronarium | Daucus carota | Diospyros kaki | Job's tears | Lycium chinense | Malva verticillata | Panicum miliaceum | Perilla frutescens | Platycodon grandiflorum | Prunus armeniaca | Setaria italica | Vigna angularis | barley | basil | blueberries | branches | cabbages | cauliflowers | common beans | cowpeas | cucumbers,Adoxophyes orana | Agrotis segetum | Delia antiqua | Hyphantria cunea | Myzus persicae | Pieris rapae | Spodoptera litura | Trialeurodes vaporariorum,수화제 | 유제 | 유탁제
CHEBI:4388,Deltamethrin,9,NL,30,384,0,0,0,,,
CHEBI:4388,Deltamethrin,9,US,206,206,996,438,12,AERIAL APPLICATION | AFRICAN VIOLETS | AFRICAN VIOLETS (FOLIAR TREATMENT) | AFRICAN VIOLETS (HOUSEPLANT) | AFRICAN VIOLETS (SOIL TREATMENT) | AGRICULTURAL (NONCROP AREAS) | AGRICULTURAL BUILDINGS (ATTICS) | AGRICULTURAL BUILDINGS (INDOOR) | AGRICULTURAL BUILDINGS (OUTDOOR) | AGRICULTURAL CROPS (FOLIAR TREATMENT) | AIR DUCTS | AIRCRAFT | AIRCRAFT (ALL OR UNSPECIFIED) | AIRCRAFT (FEED/FOOD-EMPTY) | AIRCRAFT (FEED/FOOD-FULL) | AIRCRAFT (NON FEED/FOOD) | AIRCRAFT (NON-FEED/NON-FOOD) (NON-RESIDUAL SPACE TREATMENT) | AIRPORT RUNWAYS (FOLIAR TREATMENT) | AIRPORTS | ALMOND (ORNAMENTAL) (DELAYED DORMANT APPLICATION) | ALMOND (ORNAMENTAL) (DORMANT APPLICATION) | ALMONDS (FOLIAR TREATMENT) | ANIMAL LIVING QUARTERS | ANIMAL QUARTERS (ENCLOSED PREMISE TREATMENT) | ANIMAL STABLES (UNSPECIFIED) (ENCLOSED PREMISE TREATMENT),ACROBAT ANTS | ADELGIDS | AFRICANIZED HONEY BEE | ALMOND MOTH | AMBROSIA BEETLES | AMERICAN COCKROACH | AMERICAN DOG TICK | ANGOUMOIS GRAIN MOTH | ANGOUMOIS GRAIN MOTH (ADULT) | ANGOUMOIS GRAIN MOTH (LARVAE) | ANNUAL BLUEGRASS WEEVIL (ADULT) | ANNUAL BLUEGRASS WEEVILS | ANOBIID BEETLES | ANTS | ANTS (ADULT) | APHIDS | APPLE MAGGOT | ARGENTINE ANT | ARMYWORM | ARMYWORM (LARVAE) | ARMYWORM (TO 3RD INSTAR) | ASIAN COCKROACH | ASIAN LADY BEETLES | AZALEA LACE BUG | BAGWORM,Dust | Emulsifiable Concentrate | Flowable Concentrate | Formulation Intermediate | Granular | Impregnated Materials | Pressurized Liquid | Pressurized Liquid | Pressurized Gas | Ready-to-Use Solution | Soluble Concentrate | Soluble Concentrate | Flowable Concentrate | Technical Chemical
CHEBI:81760,Difenoconazole,9,KR,40,1634,40,4,7,Arachis hypogaea | Brassica juncea | Camellia sinensis | Capsicum annuum | Chrysanthemum coronarium | Daucus carota | Diospyros kaki | Job's tears | Lycium chinense | Malva verticillata | Momordica charantia | Panax | Perilla frutescens | Prunus armeniaca | Pteridium aquilinum | Punica granatum | blueberries | branches | cabbages | cauliflowers | cucumbers | garlic | grapevines | lettuces | maize,powdery mildews | rusts | scabs | spots,미탁제 | 분산성액제 | 수화제 | 액상수화제 | 유제 | 유탁제 | 입상수화제
CHEBI:81760,Difenoconazole,9,JP,9,200,14,4,4,Asparagus officinalis | Euphorbia pulcherrima | Eustoma grandiflorum | Viola | cabbages | celery | muskmelons | nectarines | oysters | parsley | quinces | sweet peppers | tea | tomatoes,Aleyrodidae | Aphididae | Spodoptera litura | Tetranychidae,乳剤 | 水和剤 | 水溶剤 | 液剤
CHEBI:81760,Difenoconazole,9,US,126,126,1501,559,9,ABELIA (FOLIAR TREATMENT) | ABELIA (GREENHOUSE-FOLIAR TREATMENT) | ABELIA (INTERIOR PLANTSCAPES) | ABELIA (NURSERY) | ACORN SQUASH (SOIL TREATMENT) | ADZUKI BEANS (FOLIAR TREATMENT) | ADZUKI BEANS (SOIL TREATMENT) | ADZUKI BEANS (WATER TREATMENT) | AERIAL APPLICATION | AERIAL APPLICATION (FIXED WING) | AERIAL APPLICATION (ROTARY AIRCRAFT) | AFRICAN IRIS (FOLIAR TREATMENT) | ALDER (FOLIAR TREATMENT) | ALGERIAN IVY (FOLIAR TREATMENT) | ALMONDS (DELAYED DORMANT APPLICATION) | ALMONDS (FOLIAR TREATMENT) | APPLES (DELAYED DORMANT APPLICATION) | APPLES (DIP TREATMENT) | APPLES (DRENCH TREATMENT) | APPLES (FOLIAR TREATMENT) | APPLES (POSTHARVEST APPLICATION TO NON-STORED COMMODITY) | APRICOTS (DELAYED DORMANT APPLICATION) | APRICOTS (FOLIAR TREATMENT) | APRICOTS (WATER TREATMENT) | AQUATIC AREAS (WATER TREATMENT),ADELGIDS | AERIAL BLIGHT (RHIZOCTONIA) | ALFALFA APHID | ALGAE | ALMOND POWDERY MILDEW (PODOSPHAERA TRIDACTYLA/SPHAEROTHECA PANNOSA) | ALTERNARIA | ALTERNARIA BLIGHT | ALTERNARIA BLOTCH | ALTERNARIA FRUIT SPOT | ALTERNARIA LEAF AND FRUIT SPOT | ALTERNARIA ROT/BLACK MOLD OF TOMATO (A.TENUIS) | ALTERNARIA SPOT | ALTERNARIA SPP. | ANGULAR LEAF SPOT | ANGULAR LEAF SPOT (PSEUDOMONAS) | ANGULAR LEAF SPOT OF COTTON (XANTHOMONAS MALVACEARUM) | ANTHRACNOSE | ANTHRACNOSE (COLLETOTRICHUM GLOEOSPORIOIDES) | ANTHRACNOSE (COLLETOTRICUM) | ANTHRACNOSE (ELSINOE) | ANTHRACNOSE (GLOMERELLA) | ANTHRACNOSE (GNOMONIA) | ANTHRACNOSE FRUIT ROT | ANTHRACNOSE OF BEAN (COLLECTOTRICHUM LINDEMUTHIANUM) | ANTHRACNOSE OF GRAPE (BIRDS EYE ROT)(ELSINOE AMPELINA),Emulsifiable Concentrate | Emulsifiable Concentrate | Flowable Concentrate | Flowable Concentrate | Formulation Intermediate | Ready-to-Use Solution | Soluble Concentrate | Soluble Concentrate | Flowable Concentrate | Technical Chemical | Water Dispersible Granule
CHEBI:81842,Dithianon,9,KR,15,331,12,3,3,Capsicum annuum | Carthamus tinctorius | Diospyros kaki | Prunus armeniaca | Punica granatum | blueberries | grapevines | mangoes | mung beans | raspberries | sweet cherries | watermelons,downy mildews | scabs | spots,수화제 | 액상수화제 | 입상수화제
CHEBI:81842,Dithianon,9,JP,3,111,2,1,1,nectarines | oysters,leaf curls,水和剤
CHEBI:81842,Dithianon,9,NL,3,8,0,0,0,,,
CHEBI:81749,FLAZASULFURON,9,TW,9,17,2,0,2,grapes | turf,,WG 水分散性粒劑 | WP 可溼性粉劑
CHEBI:81749,FLAZASULFURON,9,AU,3,3,4,29,1,CITRUS ORCHARDS | NON-AGRICULTURAL AREA - GENERAL | OLIVE GROVES | VINEYARDS,"AWNLESS BARNYARD GRASS | BARLEY GRASS | CAPEWEED | COMMON PASPALUM | COUCH GRASS | DANDELION | ERODIUM SPP. | FAT HEN | FLATWEED | FLEABANE | MARSH OR SMALLFLOWER MALLOW | PATERSON'S CURSE | PERENNIAL RYEGRASS | PIMPERNELS | PRICKLY LETTUCE | SCRUB NETTLE | SHEPHERD?S PURSE, | SILVERGRASS - VULPIA SPP. | SOURSOB OR OXALIS | SOWTHISTLES | STAGGER WEED | SUBTERRANEAN CLOVER | TOAD RUSH | TURNIP WEED | WHITE CLOVER",WATER DISPERSIBLE GRANULE
CHEBI:81843,FLUAZINAM,9,TW,49,2129,8,1,1,Camellia sinensis | Cocos nucifera | guavas | kaki | loquats | peaches | pears | tea,anthracnosis,SC 水懸劑
CHEBI:81843,FLUAZINAM,9,NZ,17,153,0,0,1,,,Fungicide
CHEBI:81843,FLUAZINAM,9,AU,28,28,11,22,2,APPLE | BROCCOLI | BRUSSELS SPROUTS | CABBAGE | CAULIFLOWER | GRAPEVINE | KOHLRABI | POTATO | POTATO - SEE LABEL | TURF | TURF FARM - COMMERCIAL,ALGAE | ANTHRACNOSE - COLLETOTRICHUM GRAMINICOLA | BLACK HELMINTHOSPORIUM | BROWN PATCH - RHIZOCTONIA SOLANI | BROWN ROT - SCLEROTINIA SPP. | CLUB ROOT | DOLLAR SPOT | EARLY BLIGHT OR TARGET BLACKSPOT | ECTOTROPHIC ROOT INFECTING FUNGI | FAIRY RING (BASIDIOMYCETE FUNGI) | FUSARIUM OR MICRODOCHIUM PATCH | FUSARIUM PATCH | GRAPEVINE DIEBACK FUNGUS | GREY LEAF SPOT - PYRICULARIA GRISEA | HELMINTHOSPORIUM DISEASE | LATE BLIGHT OR IRISH BLIGHT | LATE BLIGHT OR LEAF SPOT | LEAF BLIGHT - PHOMOPSIS VITICOLA | PHOMOPSIS CANE | PHOMOPSIS CANE - DEAD ARM | PYTHIUM SPP. | WHITE ROOT ROT,SUSPENSION CONCENTRATE | WATER DISPERSIBLE GRANULE
CHEBI:81763,FLUDIOXONIL,9,NZ,16,144,0,0,1,,,Fungicide
CHEBI:81763,FLUDIOXONIL,9,AU,44,44,74,88,5,"ALLIUMS (INCL. BULB ONIONS, SPRING ONIONS, SHALLOTS, GARLIC) | APPLE | APRICOT | AVOCADO | BEAN - DRY BEAN | BEETROOT | BERRIES - OPEN FIELD AND PROTECTED CROPPING | BOWLING GREEN | BRASSICA - ASIAN | BROAD BEAN | BROCCOLI | CANOLA | CAPSICUM | CAPSICUM (OPEN FIELD ONLY) | CAPSICUM OR PEPPER | CHERRY ORCHARDS | CHESTNUT | CHINESE CABBAGE | CITRUS | COTTON | CUCUMBER | CUT FLOWER | DRIED GRAPES | FABA BEAN | GARDEN CRESS",ALTERNARIA LEAF BLOTCH - APPLE | ANTHRACNOSE | ANTHRACNOSE - C. GLOEOSPORIDES | ANTHRACNOSE - COLLETOTRICHUM COCCODES | ANTHRACNOSE - COLLETOTRICHUM GRAMINICOLA | ANTHRACNOSE - COLLETOTRICHUM SPP. | ANTHRACNOSE - M. PANATTONIANUM | ASCOCHYTA BLIGHT | BLACK LEG | BLACK MOULD | BLACK MOULD - SUPPRESSION ONLY | BLACK STEM CANKER SCURF | BLACKLEG | BLOSSOM BLIGHT - BOTRYTIS SPP. | BLUE MOULD | BLUE MOULD ON CITRUS - P. ITALICUM | BLUE MOULD ON POME - P. EXPANSUM | BOTRYTIS CINEREA | BOTRYTIS ROT | BROWN PATCH | BROWN PATCH - RHIZOCTONIA SOLANI | BROWN ROT - MONILINIA SPP. | BROWN ROT - MONILINIA/SCLEROTINIA SPP. | CERCOSPORA LEAF SPOT | CHOCOLATE SPOT ON BEAN,POWDER FOR DRY SEED TREATMENT | SUSPENSION CONCENTRATE | SUSPOEMULSION | Suspension concentrates for seed treatment (FS) | WATER DISPERSIBLE GRANULE
CHEBI:81763,FLUDIOXONIL,9,TW,9,13,0,0,1,,,WG 水分散性粒劑
CHEBI:83113,FLUXAPYROXAD,9,TW,2,28,1,1,1,tomatoes,powdery mildews,SC 水懸劑
CHEBI:83113,FLUXAPYROXAD,9,AU,23,23,17,71,3,ALMOND | APPLE | BANANAS | BARLEY | CANOLA | CHERRIES | CUCURBITS - FIELD | FRUITING VEGETABLES (FIELD GROWN ONLY) | LEMON | MACADAMIA | MANGO | OATEN HAY | OATS | PEAR | TANGELO | TURF | WHEAT,ALTERNARIA LEAF BLOTCH | ALTERNARIA LEAF SPOT - ALTERNARIA SPP. | ANTHRACNOSE - COLLETOTRICHUM GRAMINICOLA | ANTHRACNOSE - COLLETOTRICHUM SPP. | BARLEY LEAF SCALD | BLACK HELMINTHOSPORIUM | BLACK SPOT - COLLETOTRICHUM ACUTATUM | BLACK SPOT ON PEARS | BLACK SPOT OR SCAB | BLACKLEG | BLOTCH | BOTRYTIS CINEREA | BROWN PATCH - RHIZOCTONIA SPP. | BROWN ROT - MONILINIA SPP. | BROWN SPOT - ALTERNARIA ALTERNATA | BUNT | CURVULARIA LEAF SPOT | DOLLAR SPOT | ECTOTROPHIC ROOT INFECTING FUNGI | FAIRY RING (BASIDIOMYCETE FUNGI) | FLOWER BLIGHT | FUSARIUM OR MICRODOCHIUM PATCH | FUSARIUM SPP. | GUMMY STEM BLIGHT - DIDYMELLA BRYONIAE | HELMINTHOSPORIUM DISEASE,EMULSIFIABLE CONCENTRATE | SUSPENSION CONCENTRATE | Suspension concentrates for seed treatment (FS)
CHEBI:82019,FOLPET,9,NZ,8,72,0,0,1,,,Fungicide
CHEBI:82019,FOLPET,9,AU,2,2,0,0,1,,,WATER DISPERSIBLE GRANULE
CHEBI:81749,Flazasulfuron,9,JP,5,59,1,4,2,Eremochloa ophiuroides,Cyperus rotundus | Equisetum arvense | Imperata cylindrica | annual weeds,水和剤 | 粒剤
CHEBI:81749,Flazasulfuron,9,KR,7,8,0,1,3,,annual weeds,수화제 | 입상수화제 | 입제
CHEBI:81749,Flazasulfuron,9,US,5,5,88,184,2,AERIAL APPLICATION (ROTARY AIRCRAFT) | AIRPORTS (SOIL TREATMENT) | ALMONDS (SOIL TREATMENT) | ATHLETIC FIELDS (FOLIAR TREATMENT) | AVOCADOS (SOIL TREATMENT) | BALSAM FIR (SOIL TREATMENT) | BEECH NUT (SOIL TREATMENT) | BERMUDAGRASS (ORNAMENTAL TURF) (FOLIAR TREATMENT) | BERMUDAGRASS (ORNAMENTAL TURF) (SOIL TREATMENT) | BLACK WALNUT (SOIL TREATMENT) | BLUE SPRUCE (SOIL TREATMENT) | BRAZIL NUT (SOIL TREATMENT) | BUFFALOGRASS (ORNAMENTAL TURF) (FOLIAR TREATMENT) | BUR OAK (SOIL TREATMENT) | BUTTERNUTS (SOIL TREATMENT) | CALAMONDIN (SOIL TREATMENT) | CASHEWS (SOIL TREATMENT) | CENTIPEDEGRASS (FOLIAR TREATMENT) | CHESTNUTS (SOIL TREATMENT) | CHINQUAPIN (SOIL TREATMENT) | CHIRONJA (SOIL TREATMENT) | CITRON (CITRUS) (SOIL TREATMENT) | CITRUS (SOIL TREATMENT) | COCONUT (SOIL TREATMENT) | CONIFER PLANTINGS (SOIL TREATMENT),AMERICAN BURNWEED | ANNUAL BLUEGRASS | ANNUAL BLUEGRASS (PREEMERGENCE) | ANNUAL RYEGRASS | ANNUAL SEDGE | BARNYARDGRASS | BEDSTRAW | BLACK MEDIC | BRISTLY HAWKSBEARD | BRISTLY MALLOW | BRISTLY OXTONGUE | BRISTLY OXTONGUE (PREEMERGENCE) | BROADLEAF FILAREE | BROADLEAF FILAREE (PREEMERGENCE) | BROADLEAF SIGNALGRASS | BROADLEAF WEEDS | BROADLEAF WEEDS (PREEMERGENCE) | BULL THISTLE | BULL THISTLE (PREEMERGENCE) | CALIFORNIA BURCLOVER | CALIFORNIA BURCLOVER (PREEMERGENCE) | CANADA THISTLE | CANADA THISTLE (PREEMERGENCE) | CAROLINA FALSEDANDELION | CAROLINA GERANIUM,Technical Chemical | Water Dispersible Granule
CHEBI:81843,Fluazinam,9,KR,37,1388,35,7,5,Allium tuberosum | Brassica juncea | Camellia sinensis | Capsicum annuum | Carica papaya | Carthamus tinctorius | Diospyros kaki | Fortunella margarita | Larix leptolepis | Lycium chinense | Panax | Prunus armeniaca | Punica granatum | Vigna angularis | blueberries | cabbages | cauliflowers | cucumbers | garlic | grapevines | kohlrabi | lemons | maize | mangoes | mung beans,Panonychus citri | damping off | downy mildews | footrot (plant) | powdery mildews | scabs | spots,분제 | 수화제 | 액상수화제 | 입상수화제 | 입제
CHEBI:81843,Fluazinam,9,JP,8,521,12,6,3,Asparagus officinalis | Brassica oleracea var. gemmifera | Brassica oleracea var. italica | Tulipa | blueberries | cabbages | cauliflowers | lettuces | mangoes | nectarines | oysters | tea,Aceria tulipae | Panonychus citri | Polyphagotarsonemus latus | early blight (Alternaria) | rhizomania | root rots,水和剤 | 粉剤 | 粉粒剤
CHEBI:81843,Fluazinam,9,NL,12,47,0,0,0,,,
CHEBI:81843,Fluazinam,9,US,38,38,413,103,4,ACORN SQUASH (SOIL TREATMENT) | ADZUKI BEANS (FOLIAR TREATMENT) | ADZUKI BEANS (WATER TREATMENT) | AERIAL APPLICATION | AERIAL APPLICATION (FIXED WING) | AERIAL APPLICATION (ROTARY AIRCRAFT) | APPLES (DELAYED DORMANT APPLICATION) | APPLES (FOLIAR TREATMENT) | ARRACACHA (FLOLIAR TREATMENT) | ARROWROOT (FOLIAR TREATMENT) | ARROWROOT (WATER TREATMENT) | ARRUGULA (SOIL TREATMENT) | ARTICHOKES (DELAYED DORMANT APPLICATION) | ARTICHOKES (FOLIAR TREATMENT) | ASPARAGUS BEANS (FOLIAR TREATMENT) | ASPARAGUS BEANS (WATER TREATMENT) | BALSAM APPLE (FOLIAR TREATMENT) | BALSAM APPLE (SOIL TREATMENT) | BALSAM PEAR (FOLIAR TREATMENT) | BALSAM PEAR (SOIL TREATMENT) | BEANS (DRY) (FOLIAR TREATMENT) | BEANS (DRY) (WATER TREATMENT) | BEANS (FIELD) (FOLIAR TREATMENT) | BEANS (FIELD) (WATER TREATMENT) | BEANS (FOLIAR TREATMENT),ALGAE | ALTERNARIA | ALTERNARIA BLIGHT | ALTERNARIA BLOTCH | ALTERNARIA LEAF AND FRUIT SPOT | ALTERNARIA SPP. | ANTHRACNOSE | ANTHRACNOSE (COLLETOTRICHUM GLOEOSPORIOIDES) | ANTHRACNOSE (COLLETOTRICUM) | ANTHRACNOSE RIPE ROT | APPLE RUST MITE | APPLE SCAB (VENTURIA INAEQUAILIS) | BITTER ROT (COLLETOTRICHUM) | BLACK ROT | BLACK ROT (BOTRYOSPHAERIA OBTUSA) | BLIGHT | BLUE-GREEN ALGAE | BOTRYTIS | BOTRYTIS BLIGHT | BOTRYTIS GRAY MOLD (B. CINEREA) | BOTRYTIS LEAF BLIGHT | BOTRYTIS ROT | BROOKS FRUIT SPOT (MYCOSPHAERELLA POMI) | BROWN BLIGHT (DRECHSLERA) | BROWN PATCH,Emulsifiable Concentrate | Flowable Concentrate | Soluble Concentrate | Technical Chemical
CHEBI:81763,Fludioxonil,9,KR,41,3586,51,4,6,Allium tuberosum | Arachis hypogaea | Brassica napus | Camellia sinensis | Capsicum annuum | Carthamus tinctorius | Chrysanthemum coronarium | Daucus carota | Fortunella margarita | Helianthus annuus | Ipomoea aquatica | Job's tears | Lagenaria siceraria | Lycium chinense | Malva verticillata | Panax | Perilla frutescens | Prunus armeniaca | Punica granatum | Vigna angularis | barley | basil | blueberries | branches | cabbages,blight | damping off | scabs | spots,과립훈연제 | 분산성액제 | 수화제 | 액상수화제 | 입상수화제 | 종자처리액상수화제
CHEBI:81763,Fludioxonil,9,JP,15,273,7,5,1,Brassica oleracea var. italica | cabbages | mangoes | muskmelons | olives | sweet peppers | tomatoes,Algae | Aphididae | Delia platura | bakanae disease | white grubs,水和剤
CHEBI:81763,Fludioxonil,9,US,172,172,1814,418,12,ABUTILON (FOLIAR TREATMENT) | ACEROLA (DIP TREATMENT) | ACEROLA (DRENCH TREATMENT) | ACEROLA (FOLIAR TREATMENT) | ACEROLA (POSTHARVEST APPLICATION TO NON-STORED COMMODITY) | ACORN SQUASH (SOIL TREATMENT) | ADHESIVES | ADHESIVES (SYNTHETIC) | AERIAL APPLICATION | AERIAL APPLICATION (FIXED WING) | AERIAL APPLICATION (ROTARY AIRCRAFT) | AFRICAN MARIGOLD (FOLIAR TREATMENT) | AFRICAN VIOLETS (CUTTINGS) | AFRICAN VIOLETS (DRENCH TREATMENT) | AFRICAN VIOLETS (FOLIAR TREATMENT) | AFRICAN VIOLETS (GREENHOUSE-FOLIAR TREATMENT) | AFRICAN VIOLETS (INTERIOR PLANTSCAPES) | AFRICAN VIOLETS (NURSERY) | AFRICAN VIOLETS (SOIL TREATMENT) | AFRICAN VIOLETS (WATER TREATMENT) | AGERATUM (CUTTINGS) | AGERATUM (DRENCH TREATMENT) | AGERATUM (FOLIAR TREATMENT) | AGERATUM (GREENHOUSE-FOLIAR TREATMENT) | AGERATUM (INTERIOR PLANTSCAPES),AERIAL BLIGHT (RHIZOCTONIA) | ALGAE | ALTERNARIA | ALTERNARIA BLIGHT | ALTERNARIA LEAF AND FRUIT SPOT | ALTERNARIA ROT/BLACK MOLD OF TOMATO (A.TENUIS) | ALTERNARIA SPP. | ANGULAR LEAF SPOT | ANTHRACNOSE | ANTHRACNOSE (COLLETOTRICHUM GLOEOSPORIOIDES) | ANTHRACNOSE (COLLETOTRICUM) | ANTHRACNOSE (ELSINOE) | ANTHRACNOSE FRUIT ROT | APHANOMYCES ROOT ROT | APHIDS | ASCOCHYTA | ASCOCHYTA BLIGHT | ASPERGILLUS | ASPERGILLUS CROWN ROT | ASPERGILLUS FLAVUS | ASPERGILLUS NIGER | BARLEY LEAF RUST | BARLEY STRIPE MOSAIC | BASAL ROT (FUSARIUM OXYSPORIUM) | BASAL ROT (FUSARIUM),Dust | Dust | Emulsifiable Concentrate | Emulsifiable Concentrate | Emulsifiable Concentrate | Flowable Concentrate | Flowable Concentrate | Granular | Ready-to-Use Solution | Soluble Concentrate | Soluble Concentrate/Solid | Technical Chemical | Water Dispersible Granule | Wettable Powder
CHEBI:81763,Fludioxonil,9,NL,12,147,0,0,0,,,
CHEBI:83113,Fluxapyroxad,9,JP,12,307,1,8,2,nectarines,Cnaphalocrocis medinalis | Laodelphax striatellus | Lissorhoptrus oryzophilus | Naranga aenescens | Nephotettix cincticeps | Oulema oryzae | leaf curls | root rots,水和剤 | 粒剤
CHEBI:83113,Fluxapyroxad,9,KR,3,242,52,5,3,Allium tuberosum | Arachis hypogaea | Brassica juncea | Brassica napus | Capsicum annuum | Carthamus tinctorius | Daucus carota | Diospyros kaki | Fortunella margarita | Helianthus annuus | Helianthus tuberosus | Ipomoea aquatica | Lactuca indica | Limonium | Malva verticillata | Momordica charantia | Perilla frutescens | Platycodon grandiflorum | Prunus armeniaca | Vigna angularis | barley | blueberries | branches | cabbages | common beans,footrot (plant) | powdery mildews | rusts | scabs | spots,과립훈연제 | 액상수화제 | 입제
CHEBI:83113,Fluxapyroxad,9,NL,4,31,0,0,0,,,
CHEBI:83113,Fluxapyroxad,9,US,24,24,747,307,5,ADZUKI BEANS (BAIT APPLICATION) | ADZUKI BEANS (FOLIAR TREATMENT) | ADZUKI BEANS (SOIL TREATMENT) | AERIAL APPLICATION | ALFALFA (FOLIAR TREATMENT) | ALFALFA (FORAGE) (FOLIAR TREATMENT) | ALFALFA (FORAGE) (SOIL TREATMENT) | ALFALFA (HAY) (FOLIAR TREATMENT) | ALMONDS (FOLIAR TREATMENT) | ALYSSUM (FOLIAR TREATMENT) | ALYSSUM (SOIL TREATMENT) | APPLES (FOLIAR TREATMENT) | APRICOTS (DELAYED DORMANT APPLICATION) | APRICOTS (FOLIAR TREATMENT) | ARBORVITAE (FOLIAR TREATMENT) | ARBORVITAE (SOIL TREATMENT) | ARRACACHA (FLOLIAR TREATMENT) | ARRACACIA (FOLIAR TREATMENT) | ARROWROOT (FOLIAR TREATMENT) | ARRUGULA (FOLIAR TREATMENT) | ARRUGULA (SEED TREATMENT) | ASPARAGUS BEANS (FOLIAR TREATMENT) | ASPARAGUS BEANS (SEED TREATMENT) | ASPARAGUS BEANS (SOIL TREATMENT) | AVOCADOS (FOLIAR TREATMENT),AERIAL BLIGHT (RHIZOCTONIA) | ALGAE | ALTERNARIA | ALTERNARIA BLIGHT | ALTERNARIA BLOTCH | ALTERNARIA LEAF AND FRUIT SPOT | ALTERNARIA SPOT | ALTERNARIA SPP. | ANGULAR LEAF SPOT | ANTHRACNOSE | ANTHRACNOSE (COLLETOTRICHUM GLOEOSPORIOIDES) | ANTHRACNOSE (COLLETOTRICUM) | APPLE SCAB (VENTURIA INAEQUAILIS) | ASCOCHYTA | ASCOCHYTA BLIGHT | ASIAN SOYBEAN RUST (PHAKOPSORA PACHYRHIZI) | BASAL ROT (FUSARIUM) | BASAL STALK ROT (RHIZOCTONIA) | BERMUDAGRASS DECLINE | BITTER ROT (COLLETOTRICHUM) | BLACK LEG (ERWINIA) | BLACK LEG (LEPTOSPHAERIA MAWANS) | BLACK MOLD (ALTERNARIA) | BLACK PITTING | BLACK ROT,Emulsifiable Concentrate | Flowable Concentrate | Formulation Intermediate | Soluble Concentrate | Technical Chemical
CHEBI:82019,Folpet,9,NL,8,29,0,0,0,,,
CHEBI:82019,Folpet,9,TW,26,26,0,0,1,,,WP 可溼性粉劑
CHEBI:82019,Folpet,9,JP,3,21,2,0,1,muskmelons | tomatoes,,水和剤
CHEBI:82019,Folpet,9,KR,1,15,8,2,1,Capsicum annuum | Diospyros kaki | blueberries | cucumbers | grapevines | strawberries | sweet cherries | watermelons,downy mildews | spots,수화제
CHEBI:82019,Folpet,9,US,11,11,37,10,4,ADHESIVES | AVOCADOS (DELAYED DORMANT APPLICATION) | AVOCADOS (FOLIAR TREATMENT) | AWNINGS | CARPET UNDERLAYS | CARPETS | CARPETS (NYLON) | CAULKING COMPOUNDS | COATINGS | CORDAGE | DRAPES | FABRICS | FORMULATING USE ONLY NO SITE | HOPS (FOLIAR TREATMENT) | HUMAN CLOTHING | MARINE UPHOLSTERY (VINYL) | PAINTS | PLASTICS | PLASTICS (PVC) | PLASTICS (PVC) (NON-FOOD CONTACT SURFACES) | POLYMERS (SYNTHETIC) | POLYURETHANE | SEALANTS | SHOWER CURTAINS | STAIN (PRESERVATIVE INCORPORATION),ALGAE | DETERIORATION/SPOILAGE BACTERIA | DOWNY MILDEW OF HOPS (PSEUDOPERONOSPORA HUMULI) | FUNGI | FUNGUS GROWTHS | FUNGUS STAIN | MILDEW | MILDEW (PINK STAINING OF PLASTICS) STREPTOVERTICILLIUM RETICULI | NO PEST | SCAB (SPHACELOMA),Ready-to-Use Solution | Soluble Concentrate | Technical Chemical | Water Dispersible Granule
CHEBI:2962,KRESOXIM-METHYL,9,TW,40,1024,18,2,2,Allium sativum | Benincasa hispida | Lycium chinense | Momordica charantia | chillies | eggplants | grapes | guavas | kaki | litchis | loquats | peaches | pears | pepino | pumpkins | strawberries | sweet peppers | tomatoes,anthracnosis | powdery mildews,SC 水懸劑 | WG 水分散性粒劑
CHEBI:2962,KRESOXIM-METHYL,9,AU,10,10,2,6,1,APPLE | PEAR,BLACK SPOT | BLACK SPOT ON APPLES | BLACK SPOT ON PEARS | BLACK SPOT/SCAB IN APPLE/PEAR | POWDERY MILDEW | POWDERY MILDEW - PODOSPHAERA LEUCOTRICHA,WATER DISPERSIBLE GRANULE
CHEBI:2962,KRESOXIM-METHYL,9,NZ,1,9,0,0,1,,,Fungicide
CHEBI:2962,Kresoxim-methyl,9,JP,8,645,15,3,1,Asparagus officinalis | Populus | bananas | blueberries | celery | chervil | dill | lawn grasses | mangoes | muskmelons | nectarines | oysters | parsley | sweet peppers | tea,leaf curls | postharvest decay | rusts,水和剤
CHEBI:2962,Kresoxim-methyl,9,KR,6,349,40,5,2,Arachis hypogaea | Brassica juncea | Capsicum annuum | Carthamus tinctorius | Diospyros kaki | Helianthus tuberosus | Lactuca indica | Limonium | Lycium chinense | Malva verticillata | Momordica charantia | Panax | Perilla frutescens | Prunus armeniaca | Punica granatum | Setaria italica | Vigna angularis | blueberries | branches | cowpeas | cucumbers | garlic | ginger | grapevines | kohlrabi,downy mildews | powdery mildews | rusts | scabs | spots,액상수화제 | 입상수화제
CHEBI:2962,Kresoxim-methyl,9,NL,2,24,0,0,0,,,
CHEBI:2962,Kresoxim-methyl,9,US,8,8,54,25,2,AERIAL APPLICATION | APPLES (FOLIAR TREATMENT) | BALSAM APPLE (FOLIAR TREATMENT) | BALSAM PEAR (FOLIAR TREATMENT) | BITTER MELON (FOLIAR TREATMENT) | BUTTERNUT SQUASH (FOLIAR TREATMENT) | CANTALOUPES (FOLIAR TREATMENT) | CASABA MELONS (FOLIAR TREATMENT) | CHAYOTE (FOLIAR TREATMENT) | CHINESE CUCUMBERS (FOLIAR TREATMENT) | CHINESE OKRA (FOLIAR TREATMENT) | CHINESE OKRA (HECHIMA) (FOLIAR TREATMENT) | CHINESE WAXGOURD (FOLIAR TREATMENT) | CITRON MELON (FOLIAR TREATMENT) | CRABAPPLES (FOLIAR TREATMENT) | CRENSHAW MELONS (FOLIAR TREATMENT) | CUCUMBERS (FOLIAR TREATMENT) | CUCURBITS (FOLIAR TREATMENT) | GHERKIN (FOLIAR TREATMENT) | GOLDEN PERSHAW MELON (FOLIAR TREATMENT) | GOURDS (EDIBLE) (FOLIAR TREATMENT) | GRAPES (FOLIAR TREATMENT) | HONEY BALL MELONS (FOLIAR TREATMENT) | HONEYDEW MELONS (FOLIAR TREATMENT) | HYOTAN SQUASH (FOLIAR TREATMENT),ALTERNARIA BLOTCH | APPLE SCAB (VENTURIA INAEQUAILIS) | BLACK ROT | BLACK ROT OF GRAPES (GUIGNARDIA BIDWELLII) | BOTRYOSPHAERIA ROT (WHITE ROT) | BOTRYTIS BUNCH ROT | BROOKS FRUIT SPOT (MYCOSPHAERELLA POMI) | CEDAR-APPLE RUST (GYMNOSPORANGIUM) | DOWNY MILDEW OF GRAPE (PLASMOPARA VITICOLA) | FLYSPECK (ZYGOPHIALA JAMAICENSIS) | FROGEYE LEAF SPOT | GUMMY STEM BLIGHT (MYCOSPHAERELLA CITRULLINA/MELONIS) | LEAF SPOT (PHOMOPSIS) | NO PEST | PHOMOPSIS CANE BLIGHT AND LEAF SPOT | POWDERY MILDEW | POWDERY MILDEW (ERYSIPHE) | POWDERY MILDEW (PODOSPHAERA LEUCOTRICHA) | POWDERY MILDEW (SPHAEROTHECA) | POWDERY MILDEW (UNCINULA NECATOR) | QUINCE RUST (GYMNOSPORANGIUM) | SCAB (CLADOSPORIUM) | SCAB (VENTURIA) | SOOTY BLOTCH (GLOEODES) | WHITE ROT,Technical Chemical | Water Dispersible Granule | Granular
SHARED:AI:cf5919c24d02a1be694c,LAMBDA-CYHALOTHRIN,9,TW,114,16749,24,0,7,Annona squamosa | Apium graveolens | Basella alba | Chrysanthemum morifolium | Ipomoea aquatica | Sesamum indicum | bananas | common beans | eggplants | grapes | guavas | kaki | litchis | loquats | okras | peaches | pears | peas | plums | rice | spinach | strawberries | taro | tea,,CP 觸殺粉劑 | CS 膠囊懸著劑 | EC 乳劑 | ME 微乳劑 | SC 水懸劑 | WG 水分散性粒劑 | WP 可溼性粉劑
SHARED:AI:cf5919c24d02a1be694c,LAMBDA-CYHALOTHRIN,9,NZ,10,90,0,0,1,,,Insecticide
SHARED:AI:cf5919c24d02a1be694c,LAMBDA-CYHALOTHRIN,9,AU,65,65,62,76,3,"BARLEY | BARRACKS | BRASSICA FORAGE CROP | BROCCOLI | BRUSSELS SPROUTS | BUILDING - IN AND AROUND | BUSH TOMATO | CABBAGE | CABBAGE - HEAD CABBAGES | CANOLA | CANOLA - SEE LABEL | CANTEEN AND/OR BAKERY AND/OR RESTAURANT | CAULIFLOWER | CEREALS | CHICKPEA | COMMERCIAL PREMISES - GENERAL | COTTON | DOMESTIC, COMMERCIAL AND PUBLIC BUILDINGS | DRY ONION BULB | FABA BEAN | FACTORY | FIELD PEA | FOOD PROCESSING AND/OR PRESERVING PLANT | FORAGE BRASSICAE | HOSPITAL",AMERICAN COCKROACH | ANT | APHID | APHID CONTROL-PREVENT VIRUS TRANSMISSION | APHIDS - RHOPALOSIPHUM SPP. | APPLE DIMPLING BUG - C. LIEBKNECHTI | BED BUG | BLACKHEADED PASTURE COCKCHAFER | BROKENBACKED BUG | BROWN DOG TICK | BROWN MIRID | BROWN PASTURE LOOPER | CABBAGE APHID | CABBAGE CLUSTER CATERPILLAR | CABBAGE MOTH | CABBAGE WHITE BUTTERFLY | CAT FLEA | COASTAL BROWN ANT | COCKROACH | COCKROACHES | COMMON CUTWORM - AGROTIS INFUSA | CORN APHID | CORN EARWORM | COTTON BUDWORM OR BOLLWORM | COTTON LEAFHOPPER,CAPSULE SUSPENSION | Mixed formulation of capsule suspension and suspension concentrate | Suspension concentrates for seed treatment (FS)
SHARED:AI:cf5919c24d02a1be694c,Lambda-cyhalothrin,9,KR,20,1341,40,5,5,Arachis hypogaea | Brassica juncea | Brassica napus | Brussels sprouts | Camellia sinensis | Capsicum annuum | Diospyros kaki | Fortunella margarita | Helianthus annuus | Job's tears | Lycium chinense | Perilla frutescens | Prunus armeniaca | Punica granatum | Setaria italica | Vigna angularis | barley | cabbages | cauliflowers | common beans | cowpeas | hops | kales | kohlrabi | lemons,Adoxophyes orana | Agrotis segetum | Hyphantria cunea | Myzus persicae | Pieris rapae,미탁제 | 분제 | 수화제 | 유제 | 유탁제
CHEBI:81777,PENTHIOPYRAD,9,AU,3,3,63,30,2,ALMOND | AMSOI | APPLE | APRICOT | BEETROOT | BOWLING AND GOLF GREEN TURF | BRASSICA VEGETABLES | BROCCOLI | BRUSSELS SPROUTS | CABBAGE | CAPSICUM OR PEPPER | CARROT | CAULIFLOWER | CELERIAC | CHERRY | CHESTNUT | CHILLI | CHINESE BROCCOLI | CHINESE CABBAGE | CHINESE FLOWERING CABBAGE | CHOKO | CUCUMBER | EGGPLANT | ENDIVE | FENNEL,ALTERNARIA FRUIT SPOT - APPLE | ALTERNARIA LEAF BLOTCH - APPLE | ANTHRACNOSE - COLLETOTRICHUM GRAMINICOLA | APPLE SCAB | BOTRYTIS | BROWN PATCH - RHIZOCTONIA SOLANI | BROWN ROT - MONILINIA SPP. | CURVULARIA LEAF SPOT | DOLLAR SPOT | EARLY BLIGHT (TARGET SPOT) | EARLY BLIGHT OR TARGET BLACKSPOT | FAIRY RING (BASIDIOMYCETE FUNGI) | FLOWER BLIGHT | FRECKLE OR SCAB ON STONE FRUIT | GREY MOULD - BOTRYTIS CINEREA | GUMMY STEM BLIGHT - DIDYMELLA BRYONIAE | HUSK SPOT - PSEUDOCERCOSPORA MACADAMIAE | LEAF SPOT ON LAWN OR TURF | PEAR SCAB | POWDERY MILDEW - ERYSIPHE CICHORACEARUM | POWDERY MILDEW - LEVEILLULA TAURICA | POWDERY MILDEW - OIDIUM OR ERYSIPHE SPP. | POWDERY MILDEW - PODOSPHAERA LEUCOTRICHA | POWDERY MILDEW - SPHAEROTHECA SPP. | POWDERY MILDEW ON CUCURBIT,SUSPENSION CONCENTRATE | WATER DISPERSIBLE GRANULE
CHEBI:81777,PENTHIOPYRAD,9,TW,1,3,1,0,1,strawberries,,SC 水懸劑
CHEBI:78780,PYRACLOSTROBIN,9,TW,80,4416,19,1,3,Allium tuberosum | Annona squamosa | Apium graveolens | Chrysanthemum morifolium | Cocos nucifera | Helianthus annuus | Theobroma cacao | bananas | coffee | grapes | guavas | kaki | litchis | rice | spinach | strawberries | sugar beet | sweet peppers | tea,anthracnosis,CS 膠囊懸著劑 | EC 乳劑 | SC 水懸劑
CHEBI:78780,PYRACLOSTROBIN,9,NZ,12,108,0,0,1,,,Fungicide
CHEBI:78780,PYRACLOSTROBIN,9,AU,52,52,23,69,5,ALMOND | APPLE | BANANA - BAGGED | BARLEY | CAPSICUM OR PEPPER | CHERRIES | CUCURBITS - FIELD | EGGPLANT | FRUITING VEGETABLES (FIELD GROWN ONLY) | GRAPEVINE | GRAPEVINES | LEMON | MACADAMIA | MANGO | OATS | PEAR | PEPPER | POPPY | POTATO | TANGELO | TOMATO (EXCEPT GREENHOUSE) | TURF | WHEAT,ALTERNARIA FRUIT SPOT - APPLE | ALTERNARIA LEAF BLOTCH - APPLE | ALTERNARIA LEAF SPOT - ALTERNARIA SPP. | ANTHRACNOSE | ANTHRACNOSE - COLLETOTRICHUM GRAMINICOLA | ANTHRACNOSE - COLLETOTRICHUM SPP. | BARLEY LEAF SCALD | BLACK SIGATOKA | BLACK SPOT - COLLETOTRICHUM ACUTATUM | BLACK SPOT ON APPLES | BLACK SPOT/SCAB IN APPLE/PEAR | BOTRYTIS CINEREA | BROWN PATCH - RHIZOCTONIA SOLANI | BROWN PATCH - RHIZOCTONIA SPP. | BROWN ROT - MONILINIA SPP. | BROWN SPOT - ALTERNARIA ALTERNATA | COVERED SMUT (BUNT) - TILLETIA SPP. | CURVULARIA LEAF SPOT | DOLLAR SPOT | DOWNY MILDEW | DOWNY MILDEW ON GRAPE | EARLY BLIGHT | EARLY BLIGHT OR TARGET BLACKSPOT | ECTOTROPHIC ROOT INFECTING FUNGI | FAIRY RING (BASIDIOMYCETE FUNGI),EMULSIFIABLE CONCENTRATE | SUSPENSION CONCENTRATE | SUSPOEMULSION | Suspension concentrates for seed treatment (FS) | WATER DISPERSIBLE GRANULE
CHEBI:8674,PYRIMETHANIL,9,NZ,6,54,0,0,1,,,Fungicide
CHEBI:8674,PYRIMETHANIL,9,TW,4,28,1,0,1,strawberries,,SC 水懸劑
CHEBI:8674,PYRIMETHANIL,9,AU,18,18,12,7,2,APPLE | BANANA | CITRUS | GRAPEVINE | ORNAMENTAL | ORNAMENTAL (SEE LABEL) | ORNAMENTALS (SEE LABEL FOR EXCEPTIONS) | ORNAMENTALS - GENERAL - GARDEN | PEAR | POTATO | STRAWBERRY | TOMATO,"BLUE AND GREEN MOULDS | CORDANA LEAF SPOT - CORDANA MUSAE | EARLY BLIGHT (TARGET SPOT) | GREY MOULD - BOTRYTIS CINEREA | LEAF SPECKLE ON BANANA | LEAF SPOT OR YELLOW SIGATOKA ON BANANA | MOULDS CAUSED BY PENICILLIUM SPP, BOTRYTIS SPP., NEOFABREA SPP",LIQUID VAPORISER | SUSPENSION CONCENTRATE
CHEBI:39260,PYRIPROXYFEN,9,TW,64,2946,23,0,4,Benincasa hispida | Chrysanthemum coronarium | Chrysanthemum morifolium | Cocos nucifera | Lablab purpureus | Lycium chinense | Momordica charantia | chillies | common beans | cowpeas | eggplants | grapes | guavas | okras | pears | peas | pepino | pumpkins | soybeans | spinach | strawberries | sweet peppers | tomatoes,,EC 乳劑 | EW 水基乳劑 | RB 餌劑 | SC 水懸劑
CHEBI:39260,PYRIPROXYFEN,9,AU,59,59,95,85,11,ANIMAL AREAS - IN & AROUND | AVOCADO | BARRACKS | BEE NESTS IN WALL CAVITIES | CAPSICUM | CAPSICUM OR PEPPER | CAT | CITRUS | CITRUS FRUIT ORCHARD | COMMERCIAL/INDUSTRIAL LAND | COMMERCIAL/INDUSTRIAL PREMISES | COTTON | CRAWL SPACES | CROP - HERB | CROP - SPICE | CROPPING AREA | CUCUMBER | CUCURBIT | DOG - LARGE | DOG - MEDIUM | DOG - PUPPY | DOG - SMALL OR TOY | DOMESTIC AND/OR PUBLIC AREA | DOMESTIC PEST CONTROL | DOMESTIC PREMISES,AMERICAN COCKROACH | ANT | ANTS | ARGENTINE ANT | BED BUG | BEE | BIRD MITE | BLACK OR BLACK HOUSE ANT | BLACK SCALE | BROWN BANDED COCKROACH | CARPET BEETLE | CARPET GRASS | CAT FLEA | CAT FLEA - EGG | CAT FLEA - LARVAE | CITRICOLA SCALE | CITROPHILOUS MEALY BUG | CITRUS LEAFMINER | CITRUS MEALY BUG | COASTAL BROWN ANT | COCKROACH | COCKROACHES | COMMON MANGO SCALE | COTTONY CUSHION SCALE | DOG FLEA,AEROSOL | AQUEOUS CONCENTRATE | BAIT | DISPERSIBLE CONCENTRATE | Dustable Powder | EMULSIFIABLE CONCENTRATE | EMULSION - OIL IN WATER | GRANULAR FORMULATION | Mixed formulation of capsule suspension and suspension concentrate | Ready-to-use bait | TOPICAL SOLUTION/SUSPENSION
CHEBI:39260,PYRIPROXYFEN,9,NZ,5,42,0,0,2,,,Ectoparasiticide | Insecticide
CHEBI:81777,Penthiopyrad,9,JP,13,773,14,8,1,Asparagus officinalis | Brassica oleracea var. italica | Tulipa | cabbages | celery | endives | lettuces | muskmelons | nectarines | okras | oysters | parsley | sweet peppers | tomatoes,Aleyrodidae | Aphididae | Heteroptera | Phyllocnistis citrella | Spodoptera litura | Tetranychidae | root rots | rusts,水和剤
CHEBI:81777,Penthiopyrad,9,KR,3,186,52,5,3,Acer palmatum | Allium tuberosum | Brassica juncea | Brassica napus | Brussels sprouts | Capsicum annuum | Carica papaya | Carthamus tinctorius | Chrysanthemum coronarium | Daucus carota | Diospyros kaki | Fortunella margarita | Helianthus annuus | Helianthus tuberosus | Ipomoea aquatica | Lactuca indica | Malva verticillata | Momordica charantia | Panax | Perilla frutescens | Platycodon grandiflorum | Prunus armeniaca | Punica granatum | Vigna angularis | barley,footrot (plant) | powdery mildews | rusts | scabs | spots,액상수화제 | 유제 | 입상수화제
CHEBI:81777,Penthiopyrad,9,CN,9,11,4,1,3,cucumbers | grapes | strawberries | tomatoes,powdery mildews,原药 | 悬浮剂 | 水乳剂
CHEBI:81777,Penthiopyrad,9,US,8,8,446,170,7,ADZUKI BEANS (FOLIAR TREATMENT) | ADZUKI BEANS (SOIL TREATMENT) | AERIAL APPLICATION | AERIAL APPLICATION (FIXED WING) | AERIAL APPLICATION (ROTARY AIRCRAFT) | AIRPORTS (FOLIAR TREATMENT) | ALFALFA (FOLIAR TREATMENT) | ALMONDS (FOLIAR TREATMENT) | ALMONDS (NONBEARING) | ALMONDS (SOIL TREATMENT) | APPLES (FOLIAR TREATMENT) | APPLES (NONBEARING) | APRICOTS (FOLIAR TREATMENT) | APRICOTS (NONBEARING) | ARRACACHA (FLOLIAR TREATMENT) | ARRACACIA (SOIL TREATMENT) | ARROWROOT (FOLIAR TREATMENT) | ARROWROOT (SOIL TREATMENT) | ARRUGULA (FOLIAR TREATMENT) | ASPARAGUS BEANS (FOLIAR TREATMENT) | BALSAM APPLE (FOLIAR TREATMENT) | BALSAM PEAR (FOLIAR TREATMENT) | BANANAS (FOLIAR TREATMENT) | BARLEY (FOLIAR TREATMENT) | BARLEY (SOIL TREATMENT),ALTERNARIA | ALTERNARIA BLIGHT | ALTERNARIA SPP. | ANGULAR LEAF SPOT | ANTHRACNOSE | ANTHRACNOSE (COLLETOTRICHUM GLOEOSPORIOIDES) | ANTHRACNOSE (COLLETOTRICUM) | ANTHRACNOSE LEAF BLIGHT | APPLE SCAB (VENTURIA INAEQUAILIS) | ASCOCHYTA | ASCOCHYTA BLIGHT | ASIAN SOYBEAN RUST (PHAKOPSORA PACHYRHIZI) | BACTERIAL LEAF SPOT | BASAL STALK ROT (RHIZOCTONIA) | BASAL STEM ROT (THIELAVIOPSIS) | BLACK MOLD (ALTERNARIA) | BLACK ROT | BLACK ROT (CYLINDROCLADIUM) | BLACK SCURF (RHIZOCTONIA) | BLACK SIGATOKA (CERCOSPORA) | BLACK SPOT (ALTERNARIA) | BLACKLEG (PHOMA LINGAM) | BLIGHT | BLOTCH | BOLL ROT,Emulsifiable Concentrate | Flowable Concentrate | Pressurized Liquid | Ready-to-Use Solution | Soluble Concentrate | Technical Chemical | Water Dispersible Granule
CHEBI:81777,Penthiopyrad,9,GB-NI,5,5,3,0,2,"apple, pear | barley, oats, rye, triticale, wheat | barley, wheat",,Emulsifiable concentrate | Suspension concentrate
CHEBI:81777,Penthiopyrad,9,GB,4,4,3,0,2,"apple, pear | barley, oats, rye, triticale, wheat | barley, wheat",,Emulsifiable concentrate | Suspension concentrate
CHEBI:78780,Pyraclostrobin,9,KR,46,6017,67,7,3,Allium tuberosum | Arachis hypogaea | Brassica juncea | Brassica napus | Camellia sinensis | Capsicum annuum | Carica papaya | Carthamus tinctorius | Chrysanthemum coronarium | Daucus carota | Diospyros kaki | Fortunella margarita | Helianthus annuus | Helianthus tuberosus | Ipomoea aquatica | Lactuca indica | Lagenaria siceraria | Larix leptolepis | Lycium chinense | Malva verticillata | Momordica charantia | Panax | Panicum miliaceum | Perilla frutescens | Pinus densiflora,damping off | downy mildews | powdery mildews | root rots | rusts | scabs | spots,액상수화제 | 유제 | 입상수화제
CHEBI:78780,Pyraclostrobin,9,JP,8,246,10,2,2,Asparagus officinalis | basil | cabbages | hops | lettuces | nectarines | oysters | sweet peppers | tea | tomatoes,root rots | rusts,乳剤 | 水和剤
CHEBI:78780,Pyraclostrobin,9,US,74,74,2217,637,9,ABELIA (FOLIAR TREATMENT) | ABELIA (SOIL TREATMENT) | ACORN SQUASH (SOIL TREATMENT) | ADZUKI BEANS (BAIT APPLICATION) | ADZUKI BEANS (FOLIAR TREATMENT) | ADZUKI BEANS (SOIL TREATMENT) | AERIAL APPLICATION | AERIAL APPLICATION (FIXED WING) | AERIAL APPLICATION (ROTARY AIRCRAFT) | AFRICAN DAISY (FOLIAR TREATMENT) | AFRICAN DAISY (SOIL TREATMENT) | AFRICAN VIOLETS (FOLIAR TREATMENT) | AFRICAN VIOLETS (GREENHOUSE-FOLIAR TREATMENT) | AFRICAN VIOLETS (INTERIOR PLANTSCAPES) | AFRICAN VIOLETS (SOIL TREATMENT) | AGAPANTHUS (FOLIAR TREATMENT) | AGAPANTHUS (SOIL TREATMENT) | AGERATUM (FOLIAR TREATMENT) | AGRICULTURAL CROPS (SEED TREATMENT) | AIRPORTS | AJUGA (FOLIAR TREATMENT) | AJUGA (INTERIOR PLANTSCAPES) | AJUGA (SOIL TREATMENT) | ALFALFA (FOLIAR TREATMENT) | ALFALFA (FORAGE) (FOLIAR TREATMENT),AERIAL BLIGHT (RHIZOCTONIA) | ALFALFA CATERPILLAR | ALFALFA LOOPER | ALLEGHENY MOUND ANT | ALTERNARIA | ALTERNARIA BLIGHT | ALTERNARIA BLOTCH | ALTERNARIA LEAF AND FRUIT SPOT | ALTERNARIA SPOT | ALTERNARIA SPP. | AMERICAN PLUM BORER | ANGULAR LEAF SPOT | ANTHRACNOSE | ANTHRACNOSE (COLLETOTRICHUM GLOEOSPORIOIDES) | ANTHRACNOSE (COLLETOTRICUM) | ANTHRACNOSE (ELSINOE) | ANTHRACNOSE (GLOEOSPORIUM) | ANTHRACNOSE (GLOMERELLA) | ANTHRACNOSE OF BEAN (COLLECTOTRICHUM LINDEMUTHIANUM) | ANTHRACNOSE OF TOMATO (COLLETOTRICHUM PHOMOIDES) | ANTS | APHIDS | APPLE APHID | APPLE MAGGOT | APPLE SCAB (VENTURIA INAEQUAILIS),Emulsifiable Concentrate | Flowable Concentrate | Formulation Intermediate | Granular | Ready-to-Use Solution | Soluble Concentrate | Soluble Concentrate | Emulsifiable Concentrate | Technical Chemical | Water Dispersible Granule
CHEBI:8674,Pyrimethanil,9,KR,2,55,19,3,2,Allium tuberosum | Chrysanthemum coronarium | Daucus carota | Diospyros kaki | Malva verticillata | Panax | Perilla frutescens | Platycodon grandiflorum | blueberries | cabbages | coriander | garlic | grapevines | lettuces | onions | raspberries | shallots | spinach beet | strawberries,powdery mildews | rusts | spots,수화제 | 액상수화제
CHEBI:8674,Pyrimethanil,9,NL,4,36,0,0,0,,,
CHEBI:8674,Pyrimethanil,9,US,22,22,183,95,5,AERIAL APPLICATION | AERIAL APPLICATION (FIXED WING) | AERIAL APPLICATION (ROTARY AIRCRAFT) | ALMONDS (DELAYED DORMANT APPLICATION) | ALMONDS (FOLIAR TREATMENT) | APPLES (DELAYED DORMANT APPLICATION) | APPLES (DIP TREATMENT) | APPLES (DRENCH TREATMENT) | APPLES (FOLIAR TREATMENT) | APPLES (POSTHARVEST APPLICATION TO NON-STORED COMMODITY) | APPLES (POSTHARVEST APPLICATION TO PLANTS) | APRICOTS (DELAYED DORMANT APPLICATION) | APRICOTS (DIP TREATMENT) | APRICOTS (FOLIAR TREATMENT) | APRICOTS (POSTHARVEST APPLICATION TO NON-STORED COMMODITY) | APRICOTS (POSTHARVEST APPLICATION TO TREES) | ARRACACHA (FLOLIAR TREATMENT) | ARRACACIA (FOLIAR TREATMENT) | ARROWROOT (FOLIAR TREATMENT) | ARTICHOKES (FOLIAR TREATMENT) | ASPARAGUS/MUSHROOMS/ONIONS (ALL OR UNSPECIFIED) | BITTER CASSAVA (FOLIAR TREATMENT) | BLACK RASPBERRIES (FOLIAR TREATMENT) | BLACKBERRIES (FOLIAR TREATMENT) | BLACKBERRIES (HIMALAYA) (FOLIAR TREATMENT),ALMOND POWDERY MILDEW (PODOSPHAERA TRIDACTYLA/SPHAEROTHECA PANNOSA) | ALTERNARIA | ALTERNARIA BLIGHT | ALTERNARIA SPOT | ALTERNARIA SPP. | ANTHRACNOSE (COLLETOTRICHUM GLOEOSPORIOIDES) | ANTHRACNOSE (COLLETOTRICUM) | APPLE SCAB (VENTURIA INAEQUAILIS) | BLACK MOLD (ALTERNARIA) | BLOSSOM BLIGHT | BLUE MOLD | BLUE MOLD (PENICILLIUM EXPANSUM) | BLUE MOLD FRUIT ROT (PENICILLIUM ITALICUM) | BOTRYOSPHAERIA | BOTRYTIS BLIGHT | BOTRYTIS BLOSSOM BLIGHT | BOTRYTIS BUNCH ROT | BOTRYTIS GRAY MOLD (B. CINEREA) | BOTRYTIS LEAF BLIGHT | BROWN FRUIT ROT | BROWN ROT (MONILINIA) | BROWN ROT BLOSSOM BLT. (MONILINIA) | BROWN ROT BLOSSOM/TWIG BLIGHT (MONILINIA FRUCTICOLA/M. LAXA) | BROWN ROT/BLOSSOM/TWIG BLIGHT (MONILINIA) | BROWN SPOT (ALTERNARIA),Crystalline | Emulsifiable Concentrate | Ready-to-Use Solution | Soluble Concentrate | Technical Chemical
CHEBI:39260,Pyriproxyfen,9,US,325,325,2222,716,15,ACEROLA (BAIT APPLICATION) | ACEROLA (FOLIAR TREATMENT) | ACEROLA (SOIL TREATMENT) | ACORN SQUASH (SOIL TREATMENT) | ADZUKI BEANS (BAIT APPLICATION) | ADZUKI BEANS (FOLIAR TREATMENT) | ADZUKI BEANS (SOIL TREATMENT) | AERIAL APPLICATION | AERIAL APPLICATION (FIXED WING) | AERIAL APPLICATION (ROTARY AIRCRAFT) | AGERATUM (FOLIAR TREATMENT) | AGERATUM (SOIL TREATMENT) | AGRICULTURAL (NONCROP AREAS) | AGRICULTURAL (NONCROP AREAS) (BAIT APPLICATION) | AGRICULTURAL BUILDINGS (ATTICS) | AGRICULTURAL BUILDINGS (ENCLOSED PREMISE TREATMENT) | AGRICULTURAL BUILDINGS (INDOOR) | AGRICULTURAL BUILDINGS (OUTDOOR) | AGRICULTURAL EQUIPMENT | AGRICULTURAL PREMISES (OUTDOOR) | AIR TREATMENT (HOSPITAL) | AIR TREATMENT (INDUSTRIAL) | AIRCRAFT | AIRCRAFT (BAIT APPLICATION) | AIRCRAFT (FEED/FOOD-EMPTY) (RESIDUAL GENERAL TREATMENT),ACROBAT ANTS | ADELGIDS | AEDES MOSQUITO | AEDES MOSQUITOES (LARVAE) | ALDER | ALFALFA CATERPILLAR | ALFALFA LOOPER | ALFALFA WEEVIL | ALLEGHENY MOUND ANT | ALMOND MOTH | ALMOND MOTH (LARVAE) | AMBROSIA BEETLES | AMERICAN COCKROACH | AMERICAN DOG TICK | AMERICAN PLUM BORER | ANGOUMOIS GRAIN MOTH | ANGOUMOIS GRAIN MOTH (LARVAE) | ANNUAL BLUEGRASS WEEVIL (ADULT) | ANNUAL BLUEGRASS WEEVILS | ANOPHELES MOSQUITOES (ADULT) | ANOPHELES MOSQUITOES (LARVAE) | ANTS | ANTS (LARVAE) | APHIDS | APHIDS (EGGS),Dust | Emulsifiable Concentrate | Flowable Concentrate | Formulation Intermediate | Formulation Intermediate | Emulsifiable Concentrate | Granular | Impregnated Materials | Microencapsulated | Pressurized Gas | Pressurized Liquid | Ready-to-Use Solution | Soluble Concentrate | Soluble Concentrate | Microencapsulated | Technical Chemical | Water Soluble Packaging
CHEBI:39260,Pyriproxyfen,9,KR,5,35,8,1,2,Capsicum annuum | Lactuca indica | basil | branches | cucumbers | muskmelons | strawberries | tomatoes,Trialeurodes vaporariorum,액상수화제 | 유제
CHEBI:39260,Pyriproxyfen,9,JP,4,19,6,3,3,Euphorbia pulcherrima | mangoes | muskmelons | sweet peppers | tea | tomatoes,Aleyrodidae | Pseudaulacaspis pentagona | Thrips palmi,その他 | マイクロカプセル剤 | 乳剤
CHEBI:39260,Pyriproxyfen,9,NL,3,16,0,0,0,,,
CHEBI:39211,SPINOSAD,9,TW,40,1281,13,1,4,Chrysanthemum morifolium | Pelargonium hortorum | Sesamum indicum | chillies | eggplants | guavas | okras | peas | roses | strawberries | sweet peppers | tea | tomatoes,Plutella xylostella,CB 濃餌劑 | RB 餌劑 | SC 水懸劑 | WP 可溼性粉劑
CHEBI:39211,SPINOSAD,9,NZ,14,133,0,0,3,,,Ectoparasiticide | Endoparasiticide | Insecticide
CHEBI:39211,SPINOSAD,9,AU,18,18,121,44,4,ADZUKI BEAN | APPLE | APPLE - STARK CRIMSON | APRICOT | AVOCADO | BANANA | BEETROOT | BENT GRASS | BERRY FRUIT | BLACKBERRY | BLUEBERRY | BOYSENBERRY | BRASSICA - ASIAN | BRASSICA LEAFY VEGETABLES - SEE LABEL | BRASSICA VEGETABLES | BRASSICAS | BROCCOLI | BRUSSELS SPROUTS | CABBAGE | CAPSICUM OR PEPPER | CARROT | CAULIFLOWER | CELERIAC | CELERY | CHERIMOYA,AMERICAN COCKROACHES | ARGENTINE STEM WEEVIL | AVOCADO LEAFROLLER | BANANA RUST THRIP | BLACK ANT | BLOWFLY | BUDWORMS | CABBAGE CENTER GRUB | CABBAGE CLUSTER CATERPILLAR | CABBAGE MOTH | CABBAGE WHITE BUTTERFLY | CATERPILLAR | CITRUS LEAFMINER | COCKROACHES | CORN EARWORM | COTTON BUDWORM OR BOLLWORM | CUCUMBER MOTH | DIAMONDBACK MOTH | FLOWEREATING CATERPILLAR | GERMAN COCKROACH | HELICOVERPA SPP. | HOUSE FLY | IVY LEAFROLLER | LARGE MANGO TIPBORER | LEAFROLLER MOTH,Ready-to-use bait | SUSPENSION CONCENTRATE | TOPICAL SOLUTION/SUSPENSION | WATER DISPERSIBLE GRANULE
CHEBI:81975,SPIROTETRAMAT,9,TW,31,1791,17,0,2,Annona squamosa | Chrysanthemum morifolium | Moringa oleifera | Sesamum indicum | Theobroma cacao | bananas | coffee | grapes | guavas | kaki | loquats | okras | pears | plums | spinach | tea | tomatoes,,OD 水分散性油懸劑 | SC 水懸劑
CHEBI:81975,SPIROTETRAMAT,9,AU,27,27,43,42,2,BEAN | BLUEBERRIES | BRASSICA LEAFY VEGETABLES - SEE LABEL | BRASSICA VEGETABLES | BROCCOLI | BRUSSELS SPROUTS | BULB VEGETABLE | CABBAGE | CAPSICUM OR PEPPER | CAULIFLOWER | CELERY | CHICORY | CITRUS | COTTON | CUCURBIT | DRY ONION BULB | EGGPLANT | ENDIVE | GRAPE | HERB | KOHLRABI | LEAFY VEGETABLE | LETTUCE | MANGO (PLEASE REFER TO LABEL) | MANGO - POST-HARVEST,BEAN OR ONION THRIP | BLACK PEACH APHID | BROWN SCALE | BROWN SOWTHISTLE APHID | CABBAGE APHID | CABBAGE MOTH | CHERRY APHID | CITRUS MEALY BUG | CORN APHID | COTTON APHID | COTTON MEALYBUG | CURRANT LETTUCE APHID | GRAPEVINE SCALE - SUPPRESSION ONLY | GREEN PEACH APHID | KELLY'S CITRUS THRIP | LEAFHOPPER SUPPRESSION ONLY | LONGTAILED MEALY BUG | MANGO SCALE | MUSSEL SCALE | NORTHERN PLAGUE THRIPS-SUPPRESSION ONLY | ONION OR COTTON SEEDLING THRIPS | ONION THRIPS - SUPPRESSION ONLY | PINEAPPLE MEALY BUG | PINEAPPLE MEALY BUG SUPPRESSION ONLY | PINK SCALE,SUSPENSION CONCENTRATE | WATER DISPERSIBLE GRANULE
CHEBI:39211,Spinosad,9,JP,33,859,17,23,2,Asparagus officinalis | Brassica oleracea var. gemmifera | Brassica oleracea var. italica | cabbages | cauliflowers | celery | guavas | lettuces | mangoes | muskmelons | nectarines | parsley | raspberries | sweet peppers | tea | tomatoes | watercress,Agromyzidae | Aleyrodidae | Aphididae | Carposina niponensis | Cnaphalocrocis medinalis | Frankliniella occidentalis | Helicoverpa armigera | Hellula undalis | Liriomyza huidobrensis | Lissorhoptrus oryzophilus | Naranga aenescens | Nephotettix cincticeps | Oulema oryzae | Papilio xuthus | Phyllocnistis citrella | Phyllonorycter ringoniella | Phyllotreta striolata | Plutella xylostella | Scirtothrips dorsalis | Spodoptera exigua | Spodoptera litura | Tetranychidae | fruit flies,水和剤 | 粒剤
CHEBI:39211,Spinosad,9,KR,12,289,21,1,2,Allium tuberosum | Brassica napus | Camellia sinensis | Capsicum annuum | Chrysanthemum coronarium | Lycium chinense | blueberries | branches | cucumbers | grapevines | kales | lettuces | mangoes | muskmelons | potatoes | pumpkins | shallots | spinach | spinach beet | tomatoes | watermelons,Trialeurodes vaporariorum,액상수화제 | 입상수화제
CHEBI:39211,Spinosad,9,NL,11,136,0,0,0,,,
CHEBI:39211,Spinosad,9,US,127,127,1506,475,12,ACEROLA (BAIT APPLICATION) | ACEROLA (FOLIAR TREATMENT) | ADZUKI BEANS (BAIT APPLICATION) | ADZUKI BEANS (FOLIAR TREATMENT) | AERIAL APPLICATION | AERIAL APPLICATION (FIXED WING) | AERIAL APPLICATION (ROTARY AIRCRAFT) | AGRICULTURAL (NONCROP AREAS) (BAIT APPLICATION) | AGRICULTURAL DRAINAGE SYSTEMS | AIRCRAFT (BAIT APPLICATION) | AIRPORTS (BAIT APPLICATION) | ALFALFA (BAIT APPLICATION) | ALFALFA (FOLIAR TREATMENT) | ALFALFA (FORAGE) (FOLIAR TREATMENT) | ALFALFA (FORAGE) (SOIL TREATMENT) | ALLEYS | ALLSPICE (FOLIAR TREATMENT) | ALMONDS (BAIT APPLICATION) | ALMONDS (DORMANT APPLICATION) | ALMONDS (FOLIAR TREATMENT) | ALMONDS (SOIL TREATMENT) | AMARANTHUS (BAIT APPLICATION) | AMARANTHUS (FOLIAR TREATMENT) | AMARANTHUS (SOIL TREATMENT) | ANGELICA (FOLIAR TREATMENT),ACROBAT ANTS | ADELGIDS | ALFALFA CATERPILLAR | ALFALFA LOOPER | ALFALFA LOOPER (LARVAE) | ALFALFA WEEVIL | ALFALFA WEEVIL (LARVAE) | ALMOND MOTH | ANGOUMOIS GRAIN MOTH | ANNUAL BLUEGRASS WEEVILS | ANTS | APHIDS | APPLE MAGGOT | ARGENTINE ANT | ARMYWORM | ARMYWORM (EGGS) | ARMYWORM (LARVAE) | ARTICHOKE PLUME MOTH | ARTICHOKE PLUME MOTH (LARVAE) | ASH BORER | ASH BORERS (LARVAE) | ASPARAGUS BEETLE | ASPARAGUS BEETLE (LARVAE) | ASTER LEAFHOPPER | AVOCADO LEAFROLLER,Dust | Emulsifiable Concentrate | Formulation Intermediate | Granular | Granular | Formulation Unidentified | Impregnated Materials | Pelleted/Tableted | Ready-to-Use Solution | Soluble Concentrate | Technical Chemical | Water Dispersible Granule | Water Soluble Packaging
CHEBI:81975,Spirotetramat,9,KR,14,1706,52,6,2,Allium tuberosum | Brassica napus | Brussels sprouts | Capsicum annuum | Carica papaya | Chrysanthemum coronarium | Daucus carota | Diospyros kaki | Euphorbia pulcherrima | Fortunella margarita | Hemerocallis | Ipomoea aquatica | Lactuca indica | Lycium chinense | Malva verticillata | Momordica charantia | Panax | Perilla frutescens | Polymnia sonchifolia | Prunus armeniaca | Vigna angularis | blueberries | branches | buckwheat | cabbages,Eriosoma lanigerum | Myzus persicae | Panonychus citri | Panonychus ulmi | Tetranychus urticae | Trialeurodes vaporariorum,액상수화제 | 입상수화제
CHEBI:81975,Spirotetramat,9,JP,4,442,12,15,1,Asparagus officinalis | Brassica oleracea var. italica | Tulipa | cabbages | lettuces | muskmelons | nectarines | olives | oysters | pineapples | sweet peppers | tomatoes,Aceria tulipae | Aculus schlechtendali | Agromyzidae | Aleyrodidae | Aphididae | Calepitrimerus vitis | Coccoidea | Eriosoma lanigerum | Helicoverpa armigera | Hellula undalis | Panonychus citri | Plutella xylostella | Polyphagotarsonemus latus | Spodoptera litura | Tetranychidae,水和剤
CHEBI:81975,Spirotetramat,9,NZ,10,90,0,0,1,,,Insecticide
CHEBI:81975,Spirotetramat,9,US,24,24,605,155,4,ACEROLA (FOLIAR TREATMENT) | ADZUKI BEANS (FOLIAR TREATMENT) | ADZUKI BEANS (WATER TREATMENT) | AERIAL APPLICATION | AERIAL APPLICATION (FIXED WING) | AERIAL APPLICATION (ROTARY AIRCRAFT) | ALMONDS (FOLIAR TREATMENT) | AMARANTHUS (FOLIAR TREATMENT) | APPLES (FOLIAR TREATMENT) | APRICOTS (FOLIAR TREATMENT) | ARRACACHA (FLOLIAR TREATMENT) | ARRACACIA (FOLIAR TREATMENT) | ARRACACIA (SOIL TREATMENT) | ARRACACIA (WATER TREATMENT) | ARROWROOT (FOLIAR TREATMENT) | ARROWROOT (SOIL TREATMENT) | ARROWROOT (WATER TREATMENT) | ARRUGULA (FOLIAR TREATMENT) | ARRUGULA (SOIL TREATMENT) | ARRUGULA (WATER TREATMENT) | ARTICHOKES (FOLIAR TREATMENT) | ARTICHOKES (GLOBE) (FOLIAR TREATMENT) | ARTICHOKES (WATER TREATMENT) | ASPARAGUS BEANS (FOLIAR TREATMENT) | ASPARAGUS BEANS (WATER TREATMENT),ADELGIDS | APHIDS | APPLE RUST MITE | ARMORED SCALES | ARTICHOKE PLUME MOTH | ASIATIC GARDEN BEETLE (LARVAE) | AVOCADO BROWN MITE | BANDEDWINGED WHITEFLY | BEAN APHID | BEAN LEAF BEETLE | BILLBUGS | BILLBUGS (LARVAE) | BLACK SCALE | BLACK SCALE (CRAWLERS) | BLACK TURFGRASS ATAENIUS | BLUEBERRY GALL MIDGE | BLUEBERRY MAGGOT | BOXELDER BUG | BROAD MITE | BROWN SOFT SCALE | BROWN SOFT SCALE (CRAWLERS) | BROWN/BLACK SCALE BULB ROT (COLLETOTRICHUM) | CALIFORNIA RED SCALE | CALIFORNIA RED SCALE (CRAWLERS) | CHERRY FRUIT FLY,Emulsifiable Concentrate | Emulsifiable Concentrate | Flowable Concentrate | Flowable Concentrate | Technical Chemical
CHEBI:81975,Spirotetramat,9,NL,4,4,0,0,0,,,
CHEBI:81817,TRINEXAPAC-ETHYL,9,NZ,9,73,0,0,1,,,Plant growth regulator
CHEBI:81817,TRINEXAPAC-ETHYL,9,AU,34,34,53,32,6,AROUND ESTABLISHED TREES | AROUND TREES | BAHIA GRASS | BARLEY | BOWLING AND GOLF GREEN TURF | BOWLING GREEN | BUNKER FACING | COMMON COUCH (NOT SANTA ANNA) | COMMON COUCH LAWN OR TURF | DURBAN GRASS | DURBAN GRASS - ESTABLISHED | FENCE LINES | FENCELINE IN NON-CROP AREA | FENCELINE WEED CONTROL | FOOTPATH AND CURBSIDE EDGING | GOLF COURSE - AROUND | GOLF COURSE - LONG ROUGH | GOLF COURSE - SHORT ROUGH | GOLF COURSE AND BOWLING GREENS | GOLF COURSE FAIRWAYS | GOLF COURSE GREENS | GOLF COURSE TURF | GOLF FAIRWAY | GOLF GREEN OF BENT GRASS | GOLF GREEN TURF,BAHIA GRASS | BAHIA GRASS - SUPPRESSION AND SEEDHEAD CONTROL | BENT GRASS | BENT GRASS - AGROSTIS CAPILLARIS | BENT GRASS - AGROSTIS SPP. | BENT GRASS - ESTABLISHED | BROWNTOP BENT | BUFFALO GRASS | CARPET GRASS | COMMON COUCH | COUCH | COUCH - GREENLEES PARK | COUCH - SANTA ANA | COUCH - WINTERGREEN | COUCH VARIETIES | DURBAN GRASS | FESCUE | GREENLESS PARK | GROWTH MANAGEMENT | HYBRID COUCH | INCREASE COMMERCIAL CANE SUGAR (CCS) | INCREASE CROP YIELD | INCREASE SEED YIELD | KIKUYU GRASS | MAINTAIN OR INCREASE CROP YEILD POTENTIAL,DISPERSIBLE CONCENTRATE | EMULSIFIABLE CONCENTRATE | EMULSION | MICRO EMULSION | Mosquito Coils | SOLUBLE CONCENTRATE
CHEBI:81817,TRINEXAPAC-ETHYL,9,TW,1,1,0,0,1,,,SL 溶液
CHEBI:81817,Trinexapac-ethyl,9,US,44,44,298,27,6,AERIAL APPLICATION | AERIAL APPLICATION (FIXED WING) | AERIAL APPLICATION (ROTARY AIRCRAFT) | ANNUAL BLUEGRASS (ORNAMENTAL TURF) (FOLIAR TREATMENT) | ANNUAL RYEGRASS (ATHLETIC FIELD) (FOLIAR TREATMENT) | ANNUAL RYEGRASS (CEMETERIES) (FOLIAR TREATMENT) | ANNUAL RYEGRASS (FOLIAR TREATMENT) | ANNUAL RYEGRASS (GOLF COURSES) (FOLIAR TREATMENT) | ANNUAL RYEGRASS (GOLF FAIRWAY) (FOLIAR TREATMENT) | ANNUAL RYEGRASS (GOLF GREENS) (FOLIAR TREATMENT) | ANNUAL RYEGRASS (GOLF TEES) (FOLIAR TREATMENT) | ANNUAL RYEGRASS (GROWN FOR SOD) | ANNUAL RYEGRASS (LAWNS) (FOLIAR TREATMENT) | ANNUAL RYEGRASS (ORNAMENTAL TURF) (FOLIAR TREATMENT) | ANNUAL RYEGRASS (SOIL TREATMENT) | BAHIAGRASS (ATHLETIC FIELD) (FOLIAR TREATMENT) | BAHIAGRASS (CEMETERIES) (FOLIAR TREATMENT) | BAHIAGRASS (FOLIAR TREATMENT) | BAHIAGRASS (GOLF COURSES) (FOLIAR TREATMENT) | BAHIAGRASS (GOLF FAIRWAYS) (FOLIAR TREATMENT) | BAHIAGRASS (GOLF GREENS) (FOLIAR TREATMENT) | BAHIAGRASS (GOLF TEES) (FOLIAR TREATMENT) | BAHIAGRASS (GROWN FOR SOD) | BAHIAGRASS (LAWNS) (FOLIAR TREATMENT) | BAHIAGRASS (ORNAMENTAL TURF) (FOLIAR TREATMENT),ANTHRACNOSE | BASAL ROT (FUSARIUM) | DOLLAR SPOT (SCLEROTINIA) | DOLLAR SPOT/SMALL BROWN PATCH (SCLEROTINIA HOMEOCARPA) | NO PEST | PLANT REGULATOR | PLANT REGULATOR (CONTROL PLANT HEIGHT) | PLANT REGULATOR (ENHANCE NATURAL DEFENSES) | PLANT REGULATOR (ENHANCE TUBER COLOR) | PLANT REGULATOR (FASCILITATE HARVEST) | PLANT REGULATOR (FRUIT ACIDITY REDUCER) | PLANT REGULATOR (GROWTH ENHANCER) | PLANT REGULATOR (GROWTH INHIBITOR) | PLANT REGULATOR (HASTEN FRUIT RIPENING) | PLANT REGULATOR (IMPROVE TUBER QUALITY) | PLANT REGULATOR (INCREASE PLANT THICKNESS) | PLANT REGULATOR (INCREASE SEED PRODUCTION) | PLANT REGULATOR (INCREASE STEM LENGTH) | PLANT REGULATOR (INCREASE SUGAR CONTENT) | PLANT REGULATOR (INCREASE YIELD) | PLANT REGULATOR (MINIMIZE THE EFFECTS OF STRESS) | PLANT REGULATOR (REDUCE INTERNODAL LENGTH) | PLANT REGULATOR (REDUCE LODGING) | PLANT REGULATOR (REDUCE SHOOT AND ELONGATION) | PLANT REGULATOR (REDUCE VEGETATIVE GROWTH),Emulsifiable Concentrate | Emulsifiable Concentrate | Technical Chemical | Granular | Microencapsulated | Soluble Concentrate | Technical Chemical
CHEBI:81817,Trinexapac-ethyl,9,JP,3,23,0,0,2,,,乳剤 | 液剤
CHEBI:81817,Trinexapac-ethyl,9,KR,6,12,0,1,2,,growth inhibition,미탁제 | 액제
CHEBI:40909,azoxystrobin,9,CN,877,2049,49,16,17,Benincasa hispida | Brassica oleracea | Chrysanthemum coronarium | Helianthus annuus | Ipomoea aquatica | Lonicera | Luffa aegyptica | Lycium chinense | Momordica charantia | Paeonia | Panax ginseng | Panax quinquefolius | Salvia miltiorrhiza | bananas | cauliflowers | chillies | cotton | cowpeas | cucumbers | dragon fruits | eggplants | garlic | grapes | green onions | groundnuts,Fusarium wilt | Laodelphax striatellus | anthracnosis | aphids | bakanae disease | blackleg (plant) | blight | cankers | damping off | downy mildews | grubs | powdery mildews | rice blast disease | root rots | rusts | scabs,乳油 | 原药 | 可分散油悬浮剂 | 可湿性粉剂 | 展膜油剂 | 微乳剂 | 微囊悬浮-悬浮剂 | 微囊悬浮剂 | 悬乳剂 | 悬浮剂 | 悬浮种衣剂 | 水分散粒剂 | 种子处理可分散粉剂 | 种子处理微囊悬浮剂 | 种子处理悬浮剂 | 超低容量液剂 | 颗粒剂
CHEBI:40909,azoxystrobin,9,GB-NI,7,7,3,0,2,"asparagus, barley, broad bean - fresh, broccoli/calabrese (outdoor), brussels sprout (outdoor), bulb onion, cabbage (outdoor), carrot, cauliflower (outdoor), collard (outdoor), combining pea, dwarf french bean, edible podded pea, endive (outdoor), endive (protected), field bean, garlic, kale (outdoor), leek, lettuce (outdoor), lettuce (protected), lupin, oats, oilseed rape, potato, rye, shallot, strawberry (outdoor), strawberry (protected), triticale, vining pea, wheat | asparagus, barley, bulb onion, carrot, combining pea, field bean, leek, oats, oilseed rape, rye, triticale, vining pea, wheat | managed amenity turf",,Suspension concentrate | Water dispersible granule
CHEBI:34608,captan,9,CN,90,129,13,3,7,Apium graveolens | apples | chillies | cucumbers | grapes | leeks | maize | mandarins | muskmelons | potatoes | strawberries | tomatoes | wheat,anthracnosis | downy mildews | scabs,原药 | 可分散油悬浮剂 | 可湿性粉剂 | 悬浮剂 | 悬浮种衣剂 | 水分散粒剂 | 膏剂
CHEBI:34608,captan,9,GB-NI,1,1,1,0,1,"apple, pear",,Water dispersible granule
CHEBI:81841,cyazofamid,9,CN,224,333,15,3,6,Brassica rapa subsp. chinensis | Panax ginseng | broad beans | chinese cabbages | cucumbers | grapes | green onions | leeks | muskmelons | potatoes | spinach | taro | tobacco | tomatoes | watermelons,blackleg (plant) | blight | downy mildews,原药 | 可湿性粉剂 | 悬乳剂 | 悬浮剂 | 水分散粒剂 | 颗粒剂
CHEBI:81841,cyazofamid,9,JP,7,182,12,1,1,Brassica oleracea var. italica | basil | cabbages | cauliflowers | green onions | hops | lawn grasses | lettuces | muskmelons | nectarines | sweet peppers | tomatoes,root rots,水和剤
CHEBI:81841,cyazofamid,9,GB,12,12,1,0,1,potato,,Suspension concentrate
CHEBI:81841,cyazofamid,9,GB-NI,2,2,1,0,1,potato,,Suspension concentrate
CHEBI:81797,cyflufenamid,9,GB-NI,8,8,2,0,1,"apple, pear | barley, durum wheat, oats, rye (winter), triticale, wheat",,"Emulsion, oil in water"
CHEBI:81797,cyflufenamid,9,CN,4,7,3,2,3,cucumbers | grapes | wheat,powdery mildews | rusts,原药 | 微乳剂 | 悬浮剂
CHEBI:81797,cyflufenamid,9,GB,7,7,2,0,1,"apple, pear | barley, durum wheat, oats, rye (winter), triticale, wheat",,"Emulsion, oil in water"
CHEBI:4042,cypermethrin,9,CN,590,856,16,18,17,Brassica oleracea | Camellia sinensis | Pinus | apples | common beans | cotton | cucumbers | hygiene | leaf vegetables | litchis | maize | soybeans | storehouses | tobacco | vegetables | wheat,Agrotis ipsilon | Aphis gossypii | Coccoidea | Dermatophagoides pteronyssinus | Helicoverpa armigera | Hyphantria cunea | Plodia interpunctella | Plutella xylostella | Sitotroga cerealella | Solenopsis invicta | Spodoptera exigua | Xenopsylla cheopis | ants | aphids | fleas | grubs | mosquitoes | termites,乳油 | 原药 | 可湿性粉剂 | 喷射剂 | 微乳剂 | 微囊悬浮-悬浮剂 | 微囊悬浮剂 | 悬乳剂 | 悬浮剂 | 悬浮种衣剂 | 气雾剂 | 水乳剂 | 涂抹剂 | 烟剂 | 热雾剂 | 笔剂 | 粉剂
CHEBI:4042,cypermethrin,9,GB,24,24,7,0,6,"asparagus (outdoor), barley, beans without pods - dry (outdoor), broccoli/calabrese, brussels sprout, cabbage, carrot (outdoor), cauliflower, celeriac (outdoor), combining pea (harvested dry), dwarf french bean, edible podded pea, field bean, fodder beet, forage maize, grain maize, horseradish, linseed, lupin, mangel, mustard, oats, oilseed rape (spring), oilseed rape (winter), ornamental plant production (outdoor), parsley root, parsnip (outdoor), potato, radish (outdoor), red beet (outdoor), runner bean, rye, salsify, spelt, sugar beet, swede (outdoor), triticale, turnip (outdoor), vining pea, wheat | barley (post harvest use), crop handling and storage structure, grain, oats (post harvest use), rye (post harvest use), spelt (post harvest use), triticale (post harvest use), wheat (post harvest use) | barley (post harvest use), crop handling and storage structure, oats (post harvest use), rice (post harvest use), rye (post harvest use), spelt (post harvest use), triticale (post harvest use), wheat (post harvest use) | barley (post harvest use), oats (post harvest use), rice (post harvest use), rye (post harvest use), spelt (post harvest use), triticale (post harvest use), wheat (post harvest use) | barley (seed), wheat (seed) | broccoli/calabrese, cabbage, cauliflower, ornamental garden plants, potato | cut log, forest",,"Emulsifiable concentrate | Emulsion for seed treatment | Emulsion, water in oil | Micro-emulsion | Ready to use solution | Ultra-low volume (ULV) liquid"
CHEBI:4388,deltamethrin,9,CN,283,468,23,24,19,Apium graveolens | Brassica oleracea | Brassica rapa | Brassica rapa subsp. chinensis | Camellia sinensis | Japanese bunching onions | Pinus | cauliflowers | chinese cabbages | corn cribs | cotton | forests | foxtail millet | groundnuts | hygiene | litchis | maize | mandarins | soybeans | spinach | tobacco | waste land | wheat,Aphis gossypii | Coccoidea | Cydia pomonella | Dermatophagoides pteronyssinus | Grapholita molesta | Helicoverpa armigera | Locusta migratoria | Mythimna separata | Myzus persicae | Plodia interpunctella | Plutella xylostella | Rhyzopertha dominica | Sitophilus oryzae | Sitophilus zeamais | Sitotroga cerealella | Solenopsis invicta | Spodoptera exigua | Spodoptera litura | Tribolium castaneum | ants | aphids | fleas | mosquitoes | pest insects,乳油 | 原药 | 可分散油悬浮剂 | 可湿性粉剂 | 可溶液剂 | 展膜油剂 | 微乳剂 | 微囊悬浮-悬浮剂 | 微粒剂 | 微胶囊粉剂 | 悬乳剂 | 悬浮剂 | 气雾剂 | 水乳剂 | 笔剂 | 粉剂 | 长效防蚊帐 | 饵剂 | 驱蚊帐
CHEBI:4388,deltamethrin,9,GB-NI,10,10,5,0,3,"amenity vegetation (outdoor), apple, barley (spring), barley (winter), broad bean, brussels sprout, cabbage, cauliflower, combining pea, cucumber (protected), field bean, lettuce (outdoor), mustard (spring), mustard (winter), oats (spring), oats (winter), oilseed rape (spring), oilseed rape (winter), ornamental plant production (outdoor), ornamental plant production (protected), pear, pepper (protected), raspberry, sugar beet, swede, tomato (protected), turnip, vining pea, wheat (spring), wheat (winter) | amenity vegetation (outdoor), apple, barley (spring), barley (winter), broad bean, brussels sprout, cabbage, cauliflower, combining pea, field bean, lettuce (outdoor), mustard (spring), mustard (winter), oats (spring), oats (winter), oilseed rape (spring), oilseed rape (winter), pear, pepper (protected), raspberry, sugar beet, swede, turnip, vining pea, wheat (spring), wheat (winter) | apple, aubergine (protected), blackberry, blackcurrant, broad bean, broccoli/calabrese, brussels sprout, cabbage, cauliflower, cherry, chinese cabbage, collard, courgette (outdoor), courgette (protected), cucumber (outdoor), cucumber (protected), dwarf french bean, edible podded pea, endive (outdoor), globe artichoke, herb (outdoor), house plant, kale, kohlrabi, lambs lettuce (outdoor), land cress (outdoor), leek, lettuce (outdoor), loganberry, melon (outdoor), melon (protected), ornamental garden plants (outdoor), ornamental garden plants (protected), pear, pepper (protected), plum, potato, radish, raspberry, rubus hybrid, runner bean, spinach, strawberry, sweetcorn, tomato (outdoor), tomato (protected), vining pea, watermelon (outdoor), watermelon (protected) | crop handling and storage structure, grain, pulses | grain, pulses",,"Emulsifiable concentrate | Emulsion, oil in water | Ultra-low volume (ULV) liquid"
CHEBI:4388,deltamethrin,9,GB,2,2,2,0,2,"crop handling and storage structure, grain, pulses | grain, pulses",,Emulsifiable concentrate | Ultra-low volume (ULV) liquid
CHEBI:81760,difenoconazole,9,CN,1005,2286,50,15,16,Apium graveolens | Benincasa hispida | Camellia sinensis | Helianthus annuus | Hevea brasiliensis | Japanese bunching onions | Lonicera | Luffa aegyptica | Lycium chinense | Momordica charantia | Panax ginseng | apples | bananas | cherries | chillies | chinese cabbages | chrysanthemums | common beans | cotton | cowpeas | cucumbers | dragon fruits | garlic | grapes | green onions,Fusarium wilt | Laodelphax striatellus | anthracnosis | aphids | bakanae disease | blasts (plant) | cankers | downy mildews | grubs | powdery mildews | rice blast disease | root rots | rusts | scabs | smuts,乳油 | 原药 | 可湿性粉剂 | 微乳剂 | 微囊悬浮剂 | 悬乳剂 | 悬浮剂 | 悬浮种衣剂 | 水乳剂 | 水分散粒剂 | 热雾剂 | 种子处理悬浮剂 | 缓释粒 | 膏剂 | 超低容量液剂 | 颗粒剂
CHEBI:81760,difenoconazole,9,GB,2,2,1,0,1,"broccoli/calabrese, brussels sprout, cabbage, cauliflower, collard, kale, oilseed rape",,Emulsifiable concentrate
CHEBI:81760,difenoconazole,9,GB-NI,2,2,2,0,1,"apple, pear | broccoli/calabrese, brussels sprout, cabbage, cauliflower, collard, kale, oilseed rape",,Emulsifiable concentrate
CHEBI:81842,dithianon,9,CN,53,68,7,3,4,apples | chillies | grapes | strawberries | tobacco | watermelons | yams,anthracnosis | blackleg (plant) | downy mildews,原药 | 可湿性粉剂 | 悬浮剂 | 水分散粒剂
CHEBI:81842,dithianon,9,GB,1,1,1,0,1,"apple, pear",,Water dispersible granule
CHEBI:81842,dithianon,9,GB-NI,1,1,1,0,1,"apple, pear",,Water dispersible granule
CHEBI:81749,flazasulfuron,9,CN,21,25,1,2,3,turf,annual weeds | weeds,原药 | 可分散油悬浮剂 | 水分散粒剂
CHEBI:81749,flazasulfuron,9,NZ,2,16,0,0,1,,,Herbicide
CHEBI:81749,flazasulfuron,9,GB-NI,9,9,2,0,1,"amenity vegetation (around), hard surfaces (railway ballast only), natural surfaces not intended to bear vegetation, permeable surfaces overlying soil | hard surfaces (railway ballast only), natural surfaces not intended to bear vegetation, permeable surfaces overlying soil",,Water dispersible granule
CHEBI:81749,flazasulfuron,9,GB,1,1,1,0,1,"hard surfaces (railway ballast only), natural surfaces not intended to bear vegetation, permeable surfaces overlying soil",,Water dispersible granule
CHEBI:81843,fluazinam,9,CN,171,270,14,8,7,Brassica rapa | Brassica rapa subsp. chinensis | Panax ginseng | chillies | chinese cabbages | cucumbers | grapes | groundnuts | potatoes | rhubarb | rice | strawberries | tomatoes | turf,Fusarium wilt | Tetranychus urticae | anthracnosis | bakanae disease | blight | downy mildews | grubs | root rots,原药 | 可湿性粉剂 | 悬浮剂 | 水分散粒剂 | 种子处理可分散粉剂 | 种子处理悬浮剂 | 颗粒剂
CHEBI:81843,fluazinam,9,GB-NI,2,2,1,0,1,potato,,Suspension concentrate
CHEBI:81763,fludioxonil,9,CN,640,1532,27,12,11,Benincasa hispida | Brassica oleracea | Helianthus annuus | Panax ginseng | cherries | chillies | chinese cabbages | cotton | cucumbers | garlic | grapes | green onions | groundnuts | leeks | maize | mung beans | muskmelons | potatoes | rice | sesame seed | soybeans | strawberries | tobacco | tomatoes | watermelons,Fusarium wilt | Laodelphax striatellus | Meloidogyne incognita | aphids | bakanae disease | blight | damping off | downy mildews | grubs | karnal bunt | root rots | viroses,原药 | 可湿性粉剂 | 悬乳剂 | 悬浮剂 | 悬浮种衣剂 | 水分散粒剂 | 种子处理可分散粉剂 | 种子处理微囊悬浮-悬浮剂 | 种子处理微囊悬浮剂 | 种子处理悬浮剂 | 颗粒剂
CHEBI:81763,fludioxonil,9,GB-NI,2,2,2,0,2,"amenity grassland, managed amenity turf | barley (seed), oats (seed), rye (seed), triticale (seed), wheat (seed)",,Flowable concentrate for seed treatment | Suspension concentrate
